{"version":9,"hash":{"type":"Buffer","data":"2op7cD+uAgebNghUz5DatlTvQqxNeOdBAyK7HvFKCdfcvVMJ+8qPAvDG93TA1CpqeryasHaRr4u2JZ5eH5g7WB02KMX3yNxos9tSk/0rGoUp3+4RqwkLqwsAMH3b07h7dZnYyKb9fLAgOWoEfYgQN2T5/iYG+jOTx0gdAnPHoFQ="},"indexValueMap":{"A9wtZJ0jTV/T7xRToQVeoN513tgu3GSo7kPUR+1q6hs=":{"valueMac":{"type":"Buffer","data":"Im4oQqYGUdbJdj6UxocxsN8MOQRKwTRbA6rLLdiGykQ="}},"JVspCqCXm5Vnku7PWbNi14qow8exlLaH/ZlGoo5VGVo=":{"valueMac":{"type":"Buffer","data":"c5NPRwL5WEu7zfNyNd/HRc/rhzrDhD+yiwdwVhP1FfU="}},"RaiPQxjwxJPF/mGZiy11paweiZr2eGLW9C3uWxTyc4k=":{"valueMac":{"type":"Buffer","data":"jOo0uh5xPvbSlmO91Wk1kgQ5VdS9wnEO+RikQsuePWI="}},"aQ+xq66xRpH6hViyaC6qT2QVsiUsWP6L9IMVKTnjr24=":{"valueMac":{"type":"Buffer","data":"UayTGof0GA9J8V/v2fb0lmq8QE9l0sjjGBZ+a93w5zg="}},"yOs9pSxI0H7k/wvkHp8JKChyGq0UF8yPnNq+Yr371Tw=":{"valueMac":{"type":"Buffer","data":"CAcNSNfVUEBOzXoHeWHGUmK8zPIFIAAaJwdpEqV0VKk="}},"ynV941ZHvdFOFGtxqbGzwTxMpqmRmoUL435Fc69qTIw=":{"valueMac":{"type":"Buffer","data":"e8HO6OEb1UeqV9fokGgMuctuKkhJeHZk7lqd3GxWARg="}},"2puiYbbjmN6WsCkhcPDklo5oLnNeH2+e9rmxFMeQMF4=":{"valueMac":{"type":"Buffer","data":"8LZtMKzeLHJHz5uHfKL9EH0kiaOudxEAInVsqEsVmzA="}},"710rO7W3mfmme9hdKWBgUUJz8z+sScoQAbCxAMHPw3s=":{"valueMac":{"type":"Buffer","data":"Lu+IDcjDZL7YfljtLnXl+hcpljViiMn2uIlgKCiX+oQ="}},"+qFKQowAl1HIa4Kzcl0j/e5F1mrMBsGQ5olGMVVt2bE=":{"valueMac":{"type":"Buffer","data":"F6fcZnUPgelTLJUsWkbvvjD0GiTRIq7663N/OkP42Kc="}}}}