{"version":89,"hash":{"type":"Buffer","data":"W21E1dN+db5Ud3B5UzQcgVz5JokIwS8K6O7v4CpN4Pe0QWswbTp78RtJEnTn1EY+2bt1G+hke9wsuiYHmQIp9wVH3F0hjlDNWA7c+uE5eDp74ZtZNYkE9jWTJJTyp55R8Vu3CkkBOAo+mWtUyriTzZtmrbqS9YPwvlzWomW7URM="},"indexValueMap":{"Ap7vfsYtuJWf28iHflWzK44xOd3qFo1mPp4NNxFJX78=":{"valueMac":{"type":"Buffer","data":"ODSchhI1L3Jj8IEgf7b1zHQLm/3l5eRT5S8C9/O8HRA="}},"BNJ8a8Jc01CzXnC2+RQInC0DZZbyov8TAMXKYKIv2Ss=":{"valueMac":{"type":"Buffer","data":"UFJpKU/1//wfgYH46JdH/sX6sKX1ietwG6idx/J9k4k="}},"BShYPT6jJuVnEm+ekO+O3Ea1Yv3MQeXDIKArUBJ5MQs=":{"valueMac":{"type":"Buffer","data":"Pwcm2wGELFmQaceLOCQVX2UQ2lukQ021JKquh+w+AtU="}},"BeKHZpdU5qYKE5H7nFMSAH88u7dycluLwtiiYrjiM3w=":{"valueMac":{"type":"Buffer","data":"8dvqrKNvmCpsYwjfTmaUv2+tF8tqpobe+fT98RJtlD4="}},"Bqe0tTBmBMKR0BhJpn3ruOIZ1YEV0tvp3bNRPF23Jrs=":{"valueMac":{"type":"Buffer","data":"UnXtNRKFRnEeJyq4X+cJ121X85uU/6nVglrPtS9gkTs="}},"DT8qaN9iIaowpYbT7BUkcBGQl/Rj/ojY2LkyTrqC6OQ=":{"valueMac":{"type":"Buffer","data":"61riXaYHSdxeOge1qfT8l9REfofIo18qa+MkF0eQFLY="}},"GGINKaeTMnCasxSRqUzgGnS12O1f5fkoZh4OR07alo8=":{"valueMac":{"type":"Buffer","data":"S/Wjx7OUwruKkqF/dScAJwNd4hHRAJFj/OUNRPBzt58="}},"GhfpVWr5FV+c6pARSVBoxqcowHocHDz7QJWIbX2EDRM=":{"valueMac":{"type":"Buffer","data":"U+PtFUGLc7zw129+dVhiVHcEwjH1f33QrUAUORBkrn4="}},"HCQf+Phg1ZBGNakCapKEZZm+xEmm7upMWY3PLXFvIAY=":{"valueMac":{"type":"Buffer","data":"eufKOB1KfI0FShmAUMO1Md175CGzqivuKQGfWawcigo="}},"HbtBWQywafPjnsvy8Vd88S5Qqd2ggZrubDZczNImZGU=":{"valueMac":{"type":"Buffer","data":"STTeEYi6wtE8/CaEmj7UKPL7nO5pydpl5jYRGm4z3GQ="}},"LhDKPJxSdltQzVE4sGYoNHumdlOgci+vgNAilio08tE=":{"valueMac":{"type":"Buffer","data":"LvjGyztx5fRhnyJPS7rVJsNhYh76BZZbPxbZlgQmmtE="}},"LsxhRfCoOG/5emwmK8v4cOgSgOQlGmYxl3D1uVknVgk=":{"valueMac":{"type":"Buffer","data":"SMUM5w7EmsPxYCJ4RfCHmODa6h2WO8KfuQl2vGvtBAk="}},"MtB0pJYjqWwnSfdMufFlJzYquwMWq5ihA/N3bktEsC4=":{"valueMac":{"type":"Buffer","data":"yQcTyiW1YlsG2I5MG19nwRSYcwWxbmtKgv5UV9JpBVk="}},"NHcC/wBJWfvpPh+KMt1JLaM5iNqsCRUYfw7rfvlRh+o=":{"valueMac":{"type":"Buffer","data":"yHQll7yxi8mivvxXKeK1WasCadoTDpQm1VGJhLZ3SJ0="}},"OYx+tiLhZ7DolKXZFvTeWqvo1Ieb5dJ0b/r733fn43I=":{"valueMac":{"type":"Buffer","data":"snAotmWH/jFTMLhSAyg5aRqEBli07u7KU9L6OKFXHMY="}},"OpBdGINBIt/7V38+Kq8pGYPnwIEn+QXrMO6AmIYJSvg=":{"valueMac":{"type":"Buffer","data":"qPOEOk24IoujQfL9pwI2udA2AhUYicW2oT11QHdNHok="}},"O1+DJZaLo1hZurdNWVdAfp9Mz89t9MIta7BrvsahcNE=":{"valueMac":{"type":"Buffer","data":"55qKBWFDI5h1RtX06OyKM/Tjo6mhKY+OKMvZTZ9UGvQ="}},"PVT7RB/yREzgogPFDQJodQCxXiwqaK/t2B4cGSp9h8c=":{"valueMac":{"type":"Buffer","data":"bSfY4SddJoLvhD8GObyKm+f+A+Bvy4itS/1Y2EhJ2z0="}},"QrVzbSYgesMpzoyE7S0O9G5ahKQE+7lu1sUHvkSNGRw=":{"valueMac":{"type":"Buffer","data":"FJjKPZgfGbhXHR8ofhGwy+8cf21rtHP/E5zMdvRPUcM="}},"SQ/fk5aTjDQG6Jpue9GwicLT9r6YWTubA6WpOPlXdpI=":{"valueMac":{"type":"Buffer","data":"NLjdFEVdmw4yzlmE5dQmIdlqOGDBQVfp1YH+sN5lzXw="}},"TlUok0zSogiL1LQM2OxzTEEk5QXqGSLN0eVD47wtTnk=":{"valueMac":{"type":"Buffer","data":"rYHK6e2I2wbkEvW6vAM/R8tciwp6Dnvp8oGpjJ6/CsM="}},"UCHS1SkVQb0WUM2efINGxQ4pohD4ePGjSgnKO/snGKY=":{"valueMac":{"type":"Buffer","data":"g26eTyZRqBdndBUlXv0WMHB0ymVXmZJoWdCnl/xopDQ="}},"UUyYIHcdAemY+f71w3Xls/HKh9sFqtIqtsl/nlxS5j4=":{"valueMac":{"type":"Buffer","data":"huQPXAyVjO+0aD6RXHDmOvzg6z+Bxg02hgFNMQOzzPI="}},"UgmG0PZB3dF8yjA0pflOWAW0IDBjRfH4bTu1NpddWi8=":{"valueMac":{"type":"Buffer","data":"HkCLhldDNfukWrxrNNStAS9yXPPgdlkEE69y9ukwjEU="}},"WFFR6OVq//2VciEXCXitw/QB8zo8BM3S8avds3WXJbE=":{"valueMac":{"type":"Buffer","data":"UnNtHLDnoToavCso1ywFfe8FWguOb1ygTaDeiDzg+7I="}},"W4YPkMB3/mE0iE6ZjPqLBaAjR6F3rqi8PeKOXHDFaj8=":{"valueMac":{"type":"Buffer","data":"kQ1wc68g+0TnZbFE8d9gEDgw7SknkOl8z265MvT6XjM="}},"Z3Jx/9TEWjQoWbzaD7OjtsSOQWmjD6oe3FT5RMui6aM=":{"valueMac":{"type":"Buffer","data":"Zi1gdWIWTtOdXOWl7Hpe85z4E+awhWtrB7dtttXFQ0M="}},"bajEyMU4F7eNJIJC96EQt+2+wlH8/Z2UUbF2dhlRwpI=":{"valueMac":{"type":"Buffer","data":"uTJSj3LMSMPu5rSHYT7A8AVNeoA+BcPRvOExfYg16jk="}},"cdsRHGwHmfrOp4OE5xj48RYt4VWY+sRIXEMM+tAvdYY=":{"valueMac":{"type":"Buffer","data":"elH0qJLbiuTYEFzjuCD0XhukwSM1XHUDxqWUX/fdQB4="}},"eaiasB0RjTeHyMjzsmSZgIv/f1CWGFG8WsojQZadp9s=":{"valueMac":{"type":"Buffer","data":"YZeW7f5Mg7SPfHnXi5JehdueIe40W3mEMWcQ/zFtyzs="}},"eeC0Rp1J9H+hYmAkma4AYwSUJLeEf5l2uJqHqhO8lBI=":{"valueMac":{"type":"Buffer","data":"CvXbqCIH+op9CwL4NZWki2BQltyyXeM7kz4eryN3/HU="}},"fmgqDNpvGcL1OLyD+xl145avOY2uuqROn0VrEqZ0x7w=":{"valueMac":{"type":"Buffer","data":"HESsL/X/Mbp1rvWTbkdpy1YJuWZHXxCmCYIzFFJUe7c="}},"gG484td1BTVJ5aWSnKKIlsT7577d5FLrfXrHBdwe7Ck=":{"valueMac":{"type":"Buffer","data":"hsVVxDVxP09rOKs4O8oGaP0AJecQeAx6lN2VHRGnxns="}},"gUc3i0b1ZQex0FkT3qstoSe4i5AW6lba7FPQo2vG0L8=":{"valueMac":{"type":"Buffer","data":"VRKhN/0Npb0pER9jvyloXmQhTTfL/rQxUxClDgtj1EM="}},"htpSRsYYLWN22S/pQwzPBoGdXTonhsKpdze/nqq3lv4=":{"valueMac":{"type":"Buffer","data":"DISOWbgbWQQdYJlQG7joY1JNfhg9Rr/cUpDW7H9nYHU="}},"h36dKNrjCWysXW1lTat2DGxJyGjW1PAyxr/VtwcnJJI=":{"valueMac":{"type":"Buffer","data":"Xt/zHwuB1PwSETMLC0AL8/SoqCP84v/MlPrt8z5i4EE="}},"iuNqey3FchyEqK0SHuLLrle42mbmrPTkI4oWiSaV/bY=":{"valueMac":{"type":"Buffer","data":"ZFWOfbj3ujhu+0as5NwNXwTRMbBT4EFoeHIfEXez5KY="}},"jCqeVE1P5ei7fzeCDlV/OU8snYsW2JXmMCl7daFOfc0=":{"valueMac":{"type":"Buffer","data":"n9TTrTN10MYV2akJGvGbqm5Tzv/fWFtm7jjpKF6zmJ4="}},"jOAFaWvNdevlAUdNuClH8V2vtW/05bwNZ0Gs2dXpYsU=":{"valueMac":{"type":"Buffer","data":"fbMDHhMDlqxwrsyYi288XBO9NkYfGalMo3QxAf+g+fk="}},"j6Juhh4qRLfXfoiL904dDO+Xhi445A1s49IZZon80I8=":{"valueMac":{"type":"Buffer","data":"uaheK09otFXm7dSXMebeH4cXIslFGM6hGeSx/UMTgFY="}},"k71eA0j2J8IUV/LMQNFvho/zfBv5WvicFk9O2b6BVSw=":{"valueMac":{"type":"Buffer","data":"/Bkc3B1oMz1iPsj/AdVBdUv7/OC3uXnRNG5AfonX5pA="}},"mGmVY0ELxWFeSudSHcWkpi+4a1Bi0x229UqDCBpX7uM=":{"valueMac":{"type":"Buffer","data":"MxgiebUG9xFx5U6QEIgeB1hzH+YwRBQh+iu4P8X6J94="}},"mwyrlG6G1IQR/UkCnmU/dyLObRozi4Xsn84Zc0qQcOs=":{"valueMac":{"type":"Buffer","data":"OODIRPtWkJPvOMGDCEw1DKh4gsaaxFx3cXwtkVAIiKA="}},"m8VD4vTIncWd0SEJueeibQ/JKyzf9CnCxy3dFi9k+5M=":{"valueMac":{"type":"Buffer","data":"5DNRxk+nnpXLA56difbww3V+AWol0PPOoF7YuUmv1vQ="}},"nh921iclq1cSsIAwDzwJA83v70gVOpmXE2Pr2ld9MDk=":{"valueMac":{"type":"Buffer","data":"qiyE6BeyF82ezBGqqyLEKQXZqlwOU0IaCLuepB6Icsc="}},"nn+ZLiGlAUOAnqKzbpgzxeoI0UXo7eC3zvYpWEqiQ40=":{"valueMac":{"type":"Buffer","data":"ftK9BdNeJCOunYJF87QwJGFKYQp0HK/IoS6dEzn7Qw4="}},"oIl7ibyQTBghulFR0XZcWht93fSSmZBmN6yxOGYteDk=":{"valueMac":{"type":"Buffer","data":"0BnEOyrNzUuJcRyOCHaEBcw9FUWf1FXju8KOJQ1M0Z4="}},"okfZUN0nbn8kFKubg3F4K1cuOh/s8hQw7mE2ZY0AxJI=":{"valueMac":{"type":"Buffer","data":"jJUqcDpjOwVhpe0ep+wxzvR/hz3UQ+6zPBnI7R/vf2Q="}},"o4ZkqHXmSnSqKFN3q51J9jtKPWULVvCl+DO66wSTQ/8=":{"valueMac":{"type":"Buffer","data":"b/JYahiMDZwtr/SAcxiqUm+CPX1C2BIpuH+hsMTSLm0="}},"pXB7Bz1IiS7+EbVAeFezB4cWnYlhVXs5bVMAmFvwdQ4=":{"valueMac":{"type":"Buffer","data":"Gvp909zv3LRi//XvO/FTY39WPFbY33oZcN2hf9XQylo="}},"qqXdnlfDiN+RYnfwxODhjtUZFF0h134sycnTfRm/GXg=":{"valueMac":{"type":"Buffer","data":"2chqJhciIbUcqX99ZuQTd27e0I3Z30Zj7isQA4ZYPgg="}},"rbfy8u2rI73F7IXgG72jAa+l7tMGkSwR4DZJK9Tt/Hw=":{"valueMac":{"type":"Buffer","data":"ROFzDWxu81cBJZT2uJuudbu7lPr5o5nuXqLZJqH8ol0="}},"tSiNjJo1tOW8SHXR4wUxzRNLbnNw9mKfaLSEnPZMpxk=":{"valueMac":{"type":"Buffer","data":"IlCxtUqDNqVzB3AtYLRmDpoVWhQ7XK3H9q1xY9Ij9Rw="}},"vG/19CzmF8pxq90D4iY1k8PldafG6rUUiQDsZk8fVmo=":{"valueMac":{"type":"Buffer","data":"3mTx3AAaexUuHzs90ZD8kaYSPgbuavapWYybSRGameQ="}},"wgRgBQjiG6QAGiurEowpKRnmbPUTL7sHwPxWEhoEwyI=":{"valueMac":{"type":"Buffer","data":"YD6+daHdhYVUfK/NLg2eHCVSg37N319LxSZpSx9Euo0="}},"xQH/vv/UGLWkRaQcVB45B0BTL9Z2Qq6Pp+F6tPNm4U8=":{"valueMac":{"type":"Buffer","data":"QH48I9NqdUqGzfOSjrK+fPWK8MH6eWcUKRE9JXsp1es="}},"xUwYj6cqYtnuMwqrwDmrYhbSGTp9qa7zSQwYe1zyNfg=":{"valueMac":{"type":"Buffer","data":"5xlB3gQi1zBpnLJ64FAciaNOV6cvcw1mKzDfZQJ+qY0="}},"zojBNenZIO88+BBFwSaYfFWS0WHNYPpDqpzHME1vkv8=":{"valueMac":{"type":"Buffer","data":"luDiCm/pcFixSjxSjNPjqMo/fRo5vkTEZTju1taS7Z4="}},"1SttF/oZqsrKLJsLtBdXURNWY5paaQ+iy1EDa72jxMs=":{"valueMac":{"type":"Buffer","data":"nRMRcTvWPAR8RIgNyHihdwQVy6OQ7qwEaUzKFHnk2bY="}},"1wZvPfs6RxQb55lxUFVRI+PGJtfzvKZZmWLm1FhCR+g=":{"valueMac":{"type":"Buffer","data":"SNcG+Wc0TqXnF9KzLqnnJ+KHP18l6yxqQ5iyzCsHmsY="}},"2CNw/EOQDHmQj0qWuwd8WzxSMVO0XF/ZeB5KSBDM214=":{"valueMac":{"type":"Buffer","data":"YbYPvPhUdV/yYLnvHihHvIB0cDbVxI2OVOofgingaXE="}},"2zrm2eK9ItS7vluhpAtCKf47+b8tHdB1tYGAg05Vmf8=":{"valueMac":{"type":"Buffer","data":"jW7870V2v3zKiTnp1u9Ei/7u9bMEbPPXSerYriitivw="}},"3ZzLjqNosHIwqxRFIGSdneDJtk9wD/iNk3ZF2EM2zHU=":{"valueMac":{"type":"Buffer","data":"B/LYaHajOFdwV76bHulIQ5zk3i2qHCZLbxYabTcQuio="}},"3/NaGCdz6OLsZXPKKcTM2LnV44xTIfmcJiC1oRz84Xc=":{"valueMac":{"type":"Buffer","data":"i8AHJYk4ghuasgnjwZVm/eY+tveXSUQY9+/dvsKQwhQ="}},"4sNxo5bS43U6C7jNkgPueA0Ne6q1+1xHk2X3avl8arE=":{"valueMac":{"type":"Buffer","data":"1J1VJTo1UqNblQJDFMoXu6+LkAFw1y3svR7zA1K4Od4="}},"5g/Pnsrk6fXKczzia2KWf6omFKUe1sXQPQpEh7BdF3I=":{"valueMac":{"type":"Buffer","data":"CzKJnyZugl4YZzemZC8hHwi3m5cXt+Ua+6WTiWAKnwM="}},"6orjVnj22GTcd8Ut4/XXq0EcwT1m+O4f6GCXDwUNb1E=":{"valueMac":{"type":"Buffer","data":"Gd1dK1bJKHMBiM7X0+JeiYOWCyx22jauT5phEz45LEE="}},"63OUq+8CIcAfyYkgxdXPdovFPMQfcBuic/Qd84PK8OY=":{"valueMac":{"type":"Buffer","data":"9PtU+JEEJaWoGL+UzsQDfgYIciC19+SRDNMkxwJIe9A="}},"8M6ksENALeSNinjSF9HrvzlZrNha8+aQlaHUAxUJdg8=":{"valueMac":{"type":"Buffer","data":"UgYg0pl9V2ZDLQrJbXatMDiWW26i8Db5ErYqpCTiuRk="}},"9Dplfm3+vCj1VDXaPDfVHtuvCmD38sCncp4IH+V4uDM=":{"valueMac":{"type":"Buffer","data":"AUsGm5ct+TVwEI5evnyLvir/oH6CpPv3opu8L2QGFZ0="}},"9ecpnhrdODDPPL1QJBOoRl3qcM1wD69/jXP+t2dy6P0=":{"valueMac":{"type":"Buffer","data":"0i8xneXytFoS9s9vHrZSwb+A3wuUG6nZXg1lSWPJooE="}},"/URrZAqU6bTYjr4+YGzx9riGMXeIhYYQr666s5gC4Mg=":{"valueMac":{"type":"Buffer","data":"Po00/sbKC0wr+33TD6M85iMXnSOSxsbB4Y0M9+QkhWY="}},"uZGNNnRH5M/cjQ4E5KTu8N6h1BCpqBUYLkRZM3T4OeU=":{"valueMac":{"type":"Buffer","data":"yvt3qQx01qAM94hZe68y5fMkaN91V/DTXtRNvdiDDr0="}},"TqjiBgHKJZWQv+qX7VjqY+Bgjb/zia+PX5hw9eVIdLc=":{"valueMac":{"type":"Buffer","data":"yeBdF4EZKTJbSmjZVxRvdqN8vumgjWijvJLZxPt7jP4="}},"zOCqMChk4pbCT1wZ6Nx2w69wklXt+r8mVYANGF+S7GQ=":{"valueMac":{"type":"Buffer","data":"UyYZwCLwUhdf/Szhz0z8UYF5dD6S9xWa7tYHM2quiGw="}},"+dFB6CBiqGZcLMJpb6ie/tLiFDplPS/g9y2W8GJ7pTk=":{"valueMac":{"type":"Buffer","data":"L3T6aghlovnuZ86Uc/IRYKMfmPvCttzD4NEsknh8PdI="}},"XVX41tOgTcJybIPOcxWMcURwvxBGLEmw8hZjuIfBUTw=":{"valueMac":{"type":"Buffer","data":"rhXSQqJPrJtvPG/zI7cxZprlMSrAv4obvI5A0s6fG3M="}}}}