{"version":60,"hash":{"type":"Buffer","data":"7cbxpwRwX3Bi3AwURIb7W1ufI0Pb7AEr1bh51uRY7qawLQvaCkgeGnaxf1aJdKXjPD+8KBC262d6lmoO6OZxXLch2qwLTBpBf1khXiazsW4tEK0WGn/MdKKP+7SRNK3CSRls0Rq5UTzd8w0ucQM/9Hpclljg/DaDWNIR4segg+M="},"indexValueMap":{"ADkv94cEE0S1cTEAv2mNvvJlTHeXz7S2DK6mD1/Zz1g=":{"valueMac":{"type":"Buffer","data":"w2KAZ5B9bge8mIx9J6Q+aC1DRWPxn1S68LmFzwvCTtU="}},"AEinFU4BfgwgYcxlUmochGrWwH8Su0+mS8re10E+QaU=":{"valueMac":{"type":"Buffer","data":"U585ztRz5GRgk3rsY2Jmu4/tft1bd/KugbLZqwslHWI="}},"AIFxLUiNteIvrzwvPHCD3vvwIIzZYZumCN7v67JrOtg=":{"valueMac":{"type":"Buffer","data":"D5IX8z81FRgXAZNAj2Ugb6m9twb7SAom2uFDwt6RJnQ="}},"AXA+2dFv+77Ueq6i4zf58h02DdtVjuoXVuIhmwI30ac=":{"valueMac":{"type":"Buffer","data":"ADe56GkGdOsBWBkBRZ53YlDwIDc8+MbXG6RpSowVqok="}},"BJFrEqcmkHCzvJFPMxPQg+4ZRbpeQH0+iiJIxXQ1Bok=":{"valueMac":{"type":"Buffer","data":"PrXNuMSpfIHK6uIS3d9lPgeJ2rux4ZjF8R9hJUOJpLY="}},"BRyqJXCn1l8cO9dIrCgi02Ll7327/rP/z9C0h92rq4s=":{"valueMac":{"type":"Buffer","data":"4FCoU515ykTV2Ib59+0cYvoljIg5btCWzb8uYYOIPrM="}},"BYbIy8ep62vA2AfKKKnUUxkRpBUDBc843Ouor1zqFfo=":{"valueMac":{"type":"Buffer","data":"funs2804tRUWOhbqO5CrVJ1NMBkxIW5lMlOLnOdy0rw="}},"BpCSg5wdfQWrGVLxP2bRpDS/eKRoYrJPDYiGCTUronI=":{"valueMac":{"type":"Buffer","data":"veY4zz/CCacSs2zsB28USobtOBkgodT7C/lqxkta70k="}},"CFBOpwed0iXWDEUPiQ1atsAzAYcvjmKMfhd19pGbLpo=":{"valueMac":{"type":"Buffer","data":"WVBK38YiG6EI8FbcUf6vFGDwB/j6MMp+Bdxp4fuBnwc="}},"Ckswmp9UeBtbXcs8IPJIvCQ/FIz/seOwls57uP4o8m4=":{"valueMac":{"type":"Buffer","data":"3v5jU43Qh9izJJQBIvSDV1OnSLRxQn9MuQMmASqa36s="}},"C+FIEe8qMEiXEyPK1F8Mtp7BvYed7G5m75ZZS7nrssc=":{"valueMac":{"type":"Buffer","data":"0li97m6+hniJ4YUAg/edPlSbGAxw2TeRh0DtwvlB3uY="}},"Dcnv8lVLa4wELg5bgapIEbaT8XeDNG7zOp1zeb/Uu1c=":{"valueMac":{"type":"Buffer","data":"nimJxAR5EwD5Bk8KOLcZk9+LstcmUrCSyJZlIE+M6tE="}},"Dm1+bo70dhGa5PyF7IVCQVFmvDD0Ofvt7cJCPfU74uk=":{"valueMac":{"type":"Buffer","data":"NjTTLVU86s1MQ3soqxAhyo3eCD72j57PPlvuN4m8blo="}},"ENdm0mA4nMd6lPe+9DAkCNquzi+OSmEz22QinDWaeQs=":{"valueMac":{"type":"Buffer","data":"3cDlAVDFcA+IOGvkmsZdMhuiQKH6QcDMhAZWz8sD5IU="}},"EUwBC0zECxkAPB3wZ0cRh4iFQxJwNbJLYMlGyUha590=":{"valueMac":{"type":"Buffer","data":"n3U7tUbZ+ZFavSaet9DU5iPaK09tLOf1goyt6dY5VdQ="}},"E2iD+MZcApOklk9tcmM+moY/dOGqToKA3ttz7XG8gUs=":{"valueMac":{"type":"Buffer","data":"lTjrI019a98dl3xivk732kJBBdY9EQNA+rU/M48grGA="}},"FNEVkEXtv+8zbZixxytgm8E1S6YNt/XfF/CEJHPX7V8=":{"valueMac":{"type":"Buffer","data":"VGzTMm43L11xWbP1lvWyPStZZfWSiV6F3ll2kLscbxw="}},"Ff8slXShNlwnnod5gxgruA2gysQJjKWRRQtQCPJsY94=":{"valueMac":{"type":"Buffer","data":"JBoB5yVI/HMKP5OcinH/IRL9urX9OFlnz1Yljf1ZHGE="}},"FiyZ7+Ft+zGiKVuZKx1O8WDndGw47Ue/m/iTEQCeyiU=":{"valueMac":{"type":"Buffer","data":"iywhLQkNHANpZMSuICS/DWXLARhAHwxXZy7DEViLR9I="}},"GSZu4SkhBI1fMIUNzAx48hte6nqoUaZSyo4PnDStKYM=":{"valueMac":{"type":"Buffer","data":"N5IF3UpddpNpAWx6j/O4y/mSVgAoywptD8zrTD7ZNvU="}},"H+mn3LzOhPy+ckwYBZkCkmfDy8UqJunH0PUlDCdGvnU=":{"valueMac":{"type":"Buffer","data":"Jm+nd89QJuQaGVV2RM+mWi838ZPEPDUdlCcm0tWcyyw="}},"IZ8zA1mBjLKu03CRdHQGQBsMhgZCXqw+dRARv14Xi3k=":{"valueMac":{"type":"Buffer","data":"LYcFSgMwW/46Os7YTiVvSkoXVUWHLIJvylM538ynGQo="}},"Iq0k8RxOv2WEq882hjZ1rHxlmjKdaMvovY00PwTwHKE=":{"valueMac":{"type":"Buffer","data":"oihx7ZqQwn/Krv28ZOyvbxES7kSsVBAxs4tYV0B2bS0="}},"IrydyZZTVGzespTqflao6/Ke49VxnePBlM5bE2C/Ts0=":{"valueMac":{"type":"Buffer","data":"q40Y8a3IZ04SBdjkuW8nr6zeZwIGDdwRYpPS8AMBARo="}},"I4uKYRHExuy7RaJ3NZPFVIO2eHnjSyUVWUjgF6edDiQ=":{"valueMac":{"type":"Buffer","data":"uqZmKmLdHk8Lt9vo2Cv+P/kF09hZmHNY/YbLFTRSA6w="}},"JVhrYpeMCTC+haMOG2mKSkkN+tEmymHhvCZxDlSGT7M=":{"valueMac":{"type":"Buffer","data":"U09inpelb1XEHbE72saIRAcnaWwF/I5UxCQQ9QOXxgs="}},"JVl6pJHxbLVwWd6P+vactOdBvc7b8z9arApjIRytIlg=":{"valueMac":{"type":"Buffer","data":"hpPtvn5Nu209OiBS7eBiJonm+1+3CzR2PZTlARzGDdo="}},"JbvzUhqH6KJp2b9BIYG2mnIkabc+AN/ytyS4VcWJG2U=":{"valueMac":{"type":"Buffer","data":"KboVrFHymC7+dDJ8PmMBG5psW/qdiYQjmvzxlnG0d3k="}},"JeSlnc0Tkm7S/yDbGOlFC44K9r7qCHRZLp7PPyzDIVs=":{"valueMac":{"type":"Buffer","data":"5FncixynGIcz43LB6WC3PeCB60s6tVAubmriqMzu73A="}},"JkESBSXbH7djoK3IMkO5uE39dmrS76I6cKcIOfeK310=":{"valueMac":{"type":"Buffer","data":"CXxfL0nIsIlTmp9y7I0s9jLjm3o9KmVAN9Ze8opOJXA="}},"J6MgcGCd53ApAv5t8vOLMfOyIHdIZfeZu9c40glEXjg=":{"valueMac":{"type":"Buffer","data":"CkIL5UhKbsR87PWWkjBHPfaHYt5/OkuzpYOIqFMeK3E="}},"KAWFxKevyn81QuTFQbZkc5Ezf33XB3lNjCxJcQr6JBY=":{"valueMac":{"type":"Buffer","data":"I8xK75z5RlTKintCQq/kSVVZX8lecqTqT/4EgNZGxPI="}},"KHpJImeCXNLbsUVI6nMPjMe4OoyCeOGXTwb7UfQX7Yo=":{"valueMac":{"type":"Buffer","data":"ax1KcUNBjdcHWLIkqsXkkBXWbZc1kOst5EnaS69b3D0="}},"LERWidCNk2SLebeGss6206k2PqWrzk+SQQbKKyOnEU0=":{"valueMac":{"type":"Buffer","data":"KlQDWhbmupaUJTLMf7zgOaF9CrClEGgEk2GnmLSs2gE="}},"LGmpZerDPdbCVJlRP/KrUEyup+cvMj+pzzs6TaUtu3s=":{"valueMac":{"type":"Buffer","data":"91Irw3mKx+HiHIW5bf7KH/TBdSNlvAY5VSod7dKFvd8="}},"Mep563LukNu5+R34Ye2ZCbl47WLQHpcL4eoc+CKMWv8=":{"valueMac":{"type":"Buffer","data":"y+lsx7gDIJMlvYmqIUinKfOlzVcslA679IjbBi/RuFA="}},"MnWjMlRpodfoo6POO+VXlix4J7keLajmQlCOMXPB5+w=":{"valueMac":{"type":"Buffer","data":"3gRsPTFpZnTkInP3s+FQF65ZXBOzOpFLwfdOpYERBSE="}},"MrTBDRJhyo55sRMYvSPMj35efz2RrCFuS4r7fV6E2KM=":{"valueMac":{"type":"Buffer","data":"eFQWitbEvC0zSb5LBFC7vlCtKUu5OD9GiLEUVfFuCwc="}},"NQJgF2seepbVKwGVOq2RkQP0Qb5r6Bmqkq07CsVKy/0=":{"valueMac":{"type":"Buffer","data":"auJLWfrv9VRKfyqmkZjizsCcaXoyrl0t+jbtiyFyp40="}},"NRF1NlH/jsk+tI/GSQvDDwsextSfcBAqHz8R5FBEKMc=":{"valueMac":{"type":"Buffer","data":"jEWLY0yQHHXlOErTk+iAZELlprD+bhzhffiMhkSa/u0="}},"NZIigGIqGo9gU7hJQ5OhifQFyPFJ5m7WacdCottMQJI=":{"valueMac":{"type":"Buffer","data":"1d9CFh/jdKj8yV8geKEL7Xa1irwmM2q+FljBeuC6JN0="}},"OEhqB7/W6mYFiVbO9PU/ACueWCFOz1wzk/UDLXz9BaY=":{"valueMac":{"type":"Buffer","data":"ceY6xvdPTUAUFuW//lDcS4jN4TN4sOrvbVPbdbKHGkU="}},"OQq4NJHD3P2ZaUY+L2LYAr+mdMJiVxyTTrbkFL7VyWI=":{"valueMac":{"type":"Buffer","data":"Co+MUQNtT4EsHy8gYBEUX3vSRu+uyk9J0nQ8abE3Ygs="}},"ORGY0WPLv/qtCYcEK2/hKRh82xVARIZYzsUXR600B7Q=":{"valueMac":{"type":"Buffer","data":"4KMq0e1K5ms3l0Rk/De8fwzA5Q7+uBfZ0mtAfAvp+is="}},"O5jdq+NuHC3UUPFELGseiZVPhRZd5m/aKTU+xLKSHNQ=":{"valueMac":{"type":"Buffer","data":"MZyavgNYuPbLrG3e9FhOHETpn03Tmqj7A8kXN6X41vc="}},"O8KGMyx4YKtmp13agWswy0Em9i79S9+Irn79ei0vfKM=":{"valueMac":{"type":"Buffer","data":"UWpLpCGuxMsZNrfRRSJGac4cywkHJOCdTM0EgR1BvmM="}},"Piuca1LzGzmTa8cFOaJErDC8/ITHel6jSqPkWfRKWy4=":{"valueMac":{"type":"Buffer","data":"H1eDnR+XU1Z6DQvuUdylI2aU5w1YQIDvAmDo70LAxQ8="}},"QQ3u2zyYL2eBbj3nyF65RSG9smT74zothmL7JPpY8Mo=":{"valueMac":{"type":"Buffer","data":"x52w+jIBGy82zt//GDC4zD6wr0DZMoOn+JarcvwUON4="}},"Qgo4+xGegULCNgheHBmZCf42Q9ICky3Lz+TsJ2A0ocw=":{"valueMac":{"type":"Buffer","data":"Bo82CqD4FDSxfLKgaPrNliPAyvGIWBoe/klmn8dBNU4="}},"QrFyAavH2/KuILeORMGLoews7f6BcbfqhntabWR1T6k=":{"valueMac":{"type":"Buffer","data":"FOOzjaGFY6D/QgkqKfaK5/9v0SGL0uuql84FeQ/qsmw="}},"Q0I5T+NkWmmkUKct3SU5apNmAzkpW9zEXKr2unw1tP8=":{"valueMac":{"type":"Buffer","data":"Iuy1/9e3NWJ9ve2JySHrrEzTKifKvom2n1lXBqOiR4w="}},"REoDwVxLQefpz9NrRdkTBk+JV1wJLLYHHrhQcPA3esQ=":{"valueMac":{"type":"Buffer","data":"Pb480Aq3I4JmD/yM+G0h0Aw8ln0B8ZwGPF0Zl3MXKoA="}},"RI+kuWMQqNVr2Ulp6U0eLINh8MrRHVS0bGxQaYGhmwg=":{"valueMac":{"type":"Buffer","data":"nTaWt4kCmEM+QmpB2N0pFAM9Rrvwi9/DRK6+wBpeJyg="}},"RQX0Sh/gJ5tjvjvvjU6PMeG5mGWk8x6JtjxsrBxNQKk=":{"valueMac":{"type":"Buffer","data":"UYD12LvhpOQ8Dmy36bQi3VCSO20GHC5Q4qg8zAzqKJo="}},"RoItIOosD83kmHxoY3Xtv+LD5Z0x1klIhRTMD1QNiyA=":{"valueMac":{"type":"Buffer","data":"qn5ztETZ3aMzSjwvJqq5Na6n/VBB19c4EXOGBJDnerE="}},"RsV5JC5hmF7l6YDe0f09PmHtVLV8fYtlIMup02g4k1Q=":{"valueMac":{"type":"Buffer","data":"O69d/bD3ahYUHBUEJuLAFf7byHoWxMR2TOWgd2VmkJM="}},"RvTDycl966FwWN/Vn3J+oQDcBl9iwbYcgNk5A4w8wtA=":{"valueMac":{"type":"Buffer","data":"OUHc74Lfna1zL2TBeNs/adulFZqHLuYYtVkVqC4cMek="}},"R33I9w+XP0dGcEDAZS/5FR41VKvXD8Ink7HVT4E49S0=":{"valueMac":{"type":"Buffer","data":"TztztfOjh+X8T1sKsf4b84bUMMmCW9hDsgPL5/l+NwU="}},"R4eVrWy3VxBlWElO7+FBhxj+vjL/qgn5SWX4Afqt2kw=":{"valueMac":{"type":"Buffer","data":"lYU2ep0kkGilNPHW9ixUvygNEGjPyQoAhVYudC3dNnM="}},"SI8V0ZXF5zIUFn1pZlOzxLxRu2Rb0T3R42SisYFBs5c=":{"valueMac":{"type":"Buffer","data":"49Gy+FTSZwGRVLUkXq8NIeagcnQRTxdiqxymPJbljxY="}},"Sg9K9UVC08U0PC15R+/pQGKeLV6qdQKwMtCrZpRvdbA=":{"valueMac":{"type":"Buffer","data":"pv9gp7nWxaYaDYLaTR+lNAP6+XPClO99HJAupTH3LkM="}},"Sl0YpLCHbt1EbRzv6qHgcWmjqheKsGOzv0wr3mq7ZQc=":{"valueMac":{"type":"Buffer","data":"S6qhjC/Hq/eevOXoJ536vY7m7VmV34nUxLYzSU4A9ZI="}},"TA5PSpryayWwgjbLP5evcwFqsfY1Li6nz3lPoKtq5l4=":{"valueMac":{"type":"Buffer","data":"cQPJEbJF5YROx7RWvCxXrRHH1iReOBw5uecoCJ3wtBU="}},"TMa0A2KfGwGiQYV8+DdY3+MsDLb21i/q80p7nOIRSbY=":{"valueMac":{"type":"Buffer","data":"HaTyfD142ym1O9M1jwlFD/S2K/cK8CKs5J9j55uK6+Y="}},"TOr+RHuJu0j5FuU2tox4aJ62nn236hBEP22l+4usZ5I=":{"valueMac":{"type":"Buffer","data":"p8oP8iyJM2YgSkPU7pbR0jF4lcPvqHmGdEAMTa7EI9k="}},"TWtC+7nWG9O701+JseJv0XUq/eelA2bjzfgJ+CZuwu0=":{"valueMac":{"type":"Buffer","data":"RcPGWFngbSDcsomzP0b1IhDBE94YvHO9HVCGJ6ktiSM="}},"TprbStBNCn4ZxSRSmdUAlWX6Uqx4nUY1BfIJoV4bc+g=":{"valueMac":{"type":"Buffer","data":"+O7NRtCgxP2qdvNyvtnQchndQRZuxzlNJ3ThRC1QFA4="}},"T3vnD2wbZnHXI5C7WD5rNdLtlar/qc7I4VsUYoskWHM=":{"valueMac":{"type":"Buffer","data":"htUAnWDqtvibhUiuVf4ukLAx4XvWi60cAv/XVnnmdik="}},"T/rgbVt94DdoBCS3h7TPsLe+W0DJG87ix6DDzate/E8=":{"valueMac":{"type":"Buffer","data":"vXHLuiaqwUbWpKLhVSVbRML/3aIzMyEYCdH2T2zi7Fc="}},"Ury3cGJ9PvOvTd9vYp9JJV/rYoiLKlnPafqIu8vjXfQ=":{"valueMac":{"type":"Buffer","data":"04ICF8BppYz9WRdBkSpQyMQ7xgVnxHa9Sakv+xofoPw="}},"VBAaYsAnnLLyiROKH0hQ0OtNj6azXhCOS9ySbNic/Mk=":{"valueMac":{"type":"Buffer","data":"CFcCFvBjea5yZ6/eMJdU2eWFPbhzPw1B+VgO0Fuf1I0="}},"VPBf+Ma1s8Qv6F3h35A9tQKQUsDj8qzses8EoWWyzwc=":{"valueMac":{"type":"Buffer","data":"fqAtlqkXE2cLGl07dfM662RRZFVuEYn/SbJcuGUZMEQ="}},"V9cjGEyAH7TSk1dYhL0V5K0q5Mk4ixJ2asu8KMpiLOU=":{"valueMac":{"type":"Buffer","data":"nG1RGlqsZXBX1ieXhiCvHPYPhROLLXU09EjPKJcTRvA="}},"WPFGdRMa9qS+yaeqQYLUjRx7xrsUtCB06e9mH83kER4=":{"valueMac":{"type":"Buffer","data":"Bya59mvs94lTGag450MPOSI+zpJEzgeQvsKvYKDCqA0="}},"WWpKuzp35w3/1NhkZB20S/ecvG9TKD4QfrzZ7ov/9ts=":{"valueMac":{"type":"Buffer","data":"y7e67MGZk7D6BOirT/9rFtXmZMpXZbxSYLXjJCQjD2A="}},"WrLmBox0oHBtO8VJk4dyZol84gqW746VN5HXla/JUhI=":{"valueMac":{"type":"Buffer","data":"qsteKU+zcJaf+HPrNEnYyJmSJn6nZMUf4f0DZzGHqJk="}},"W79X01EvI38r6qakgasBNxyYJ45RENSGmNVMm8LY7ug=":{"valueMac":{"type":"Buffer","data":"fW98R/BlO91hF8tKelMP1qm1HWlLjnA9v07yYArdzl4="}},"XanzHmDC4GNP/EhXQTErCKGthOkFsS1HmTh5tb+MgA0=":{"valueMac":{"type":"Buffer","data":"/lERR4RjqZ7Ozf7FxerzSaGUVUzckqBUGpRtero5aok="}},"Xp7rAko3U+WzClQHB8dJO9WI3s36TrAR5yFcwyMvOG4=":{"valueMac":{"type":"Buffer","data":"Ws8wkV8wr3xQJGQuhc/OzprPvOf+4tHrAHQTFgM4qG4="}},"X5qA6hHPA+i2JrOxDAk+P6sydGXwgBHAr1j45Om4Jns=":{"valueMac":{"type":"Buffer","data":"5fPDt5wIKok+yQQlsIsEJbLA3+Pv7p+iAhIkeP4w154="}},"X7poasEDmXpsDStrIvAXq2ll64Wwqw0PtxL+gnD7BK0=":{"valueMac":{"type":"Buffer","data":"TmP2ld85r1nUpi5iTzdIrIypBsAvlNG42U4Tu0/a/VI="}},"YLqFEKpNwRh/Z8HAwbskLgjVJe45XWs2kHivMEEaOAU=":{"valueMac":{"type":"Buffer","data":"zGPekglsBWd2hNJRQ381TS5NwQJpqVoMeEc9CMUhqls="}},"YOMnmrJsm/QDv+uMTF0CSnRiY+1D23CyIvmDtIIQEZg=":{"valueMac":{"type":"Buffer","data":"qTqMUN6nBqjRQqr2y/u43FWBYJpqtIpwdEAYk4RftYg="}},"Ye4DeMuL9gkJsRwwUD4jdTTgJyIpzfIqmcwBkXUt4LM=":{"valueMac":{"type":"Buffer","data":"G6ZLwQXQQ6h6r4IGr3D3uX1kJl7xBfFoRr+SbUDgZIA="}},"Yq3k4cLeP4ScSbimIoc7QMce/v3ipAY1SJr3sdGaNp8=":{"valueMac":{"type":"Buffer","data":"zAXpDWA6Z/3PspjCO1wzHNkpH9c0vRXO/Y7hxwfENq0="}},"Y7+l5KCzfHG2gPoZ/NBa/+xXBWzashJbWkOAITqPayQ=":{"valueMac":{"type":"Buffer","data":"BI4igw2QQgKyexLbRam3fjdcac7yPcPVc5ThdajOlVE="}},"ZiWtI3vdBA84GgFWbUDhuvo3wAX5hobqV7m1Tk0p3W0=":{"valueMac":{"type":"Buffer","data":"Lxft9/zWBbp7cMrKRutVUyc4BgVx2b2mVELQXf7/SRw="}},"ZpYmSj0JU54UAzSlM/CrbLp8bkWgrUZxOiXQBUZ7uSA=":{"valueMac":{"type":"Buffer","data":"kNRV2iQmjOo8kCGNVz6doQCSOw/ih590JmjXDFJwYuE="}},"Z0oLTXfkd8I3+GvZikOlifyBJgCFzIeFl0og3uKjl74=":{"valueMac":{"type":"Buffer","data":"a7/oSOrpzwCSA6tuOywtdirpD7ruYA8SbgvHduG5ToQ="}},"aBS+/3XvNXTd+OiubUJySeHM4IZHllm9t7H5Ix1r5O8=":{"valueMac":{"type":"Buffer","data":"2ieuxJO7gZ22z8VR74x/owD0AgiBCIsgA8rBJEf+XgQ="}},"a56RuMWwZ2UpX+TZE2IwivvMqaoZA8JqB1RrvQp0W9A=":{"valueMac":{"type":"Buffer","data":"fTpEO0WZV3ew1JXzjQdF1dJ6wzqHFfN1BpoCw0cJ/AQ="}},"a9TwFaQ9yw/2Jsf81CqtyiXokiT5RpW99JF0vywwMt0=":{"valueMac":{"type":"Buffer","data":"TdeGdYCrmNCPgguHPEu+xMCNnX6yXHJ1M04KrHm1lFQ="}},"bNCHBguG7w67jVEiGfKZo0dtY7nIjpbT/cKI9Yv4gwI=":{"valueMac":{"type":"Buffer","data":"jn5AlmszZ8kW/sMNNa2I5w+igwtS1EOODNQFKIlCrSE="}},"bdjEXkSAuLHdUhjJt6aTKLVohrbaNdmebZWudztgt0U=":{"valueMac":{"type":"Buffer","data":"KoP5HFvJa4+Fcm7P3W8Q3VHxpcqHUwwtJkuf/txRysM="}},"be08pMLXceWJgf9NGsdhgZtDzIRVPZ9SwgP/sBmQm5Q=":{"valueMac":{"type":"Buffer","data":"JQ4hz03MHKd5T2ZrfhatBj7robL5stNWNbN2In2Drlk="}},"cPav8IJatFEMDs2bQO2DopokeFue1uc2gC8huc5U0Fg=":{"valueMac":{"type":"Buffer","data":"1EbhVdjauJpnrzqfN595FozhlzuN4QJZ0Hmg744rXPg="}},"cmBMtcOhM7xXdcSlEeMr04Zlty3xliNVmZ97ODxDxes=":{"valueMac":{"type":"Buffer","data":"Rw1W+BwJI0KJRpn5v1eE17sx6bXXqkFIxyAepWiWhXI="}},"cx35Rop75FQX5erK6OcWe+W2PJ6EYwSqnD/7jfeumJk=":{"valueMac":{"type":"Buffer","data":"7fbnxhyUfxZzJSejpOpKWhoNnn28NoZt0V6je9Igcxo="}},"c2Zf/ZaXR41cTJ+tRV+Yf8I2JrtLy4B2H0eNeyGNWa4=":{"valueMac":{"type":"Buffer","data":"ORs/SOONE4wB/wITvfjzz0ZeLKY6ug88znE8IeUciss="}},"dBdm690oYsZAHvlwhIY236S1el4DoAq+0jYuqQP1ct4=":{"valueMac":{"type":"Buffer","data":"yV5eNwCD5Sc97RKOz1hg3RDueYwnhGGX+w1PK0KRI4A="}},"dqfp1tCbQc6fi2uUekTL9zLYsRttbRuvvk6cFA/E5Cg=":{"valueMac":{"type":"Buffer","data":"NcZ0GsowB0eVLgiW4VYqmeOguC0U1iNnquVJuYIjZlU="}},"dzii3FFCHjz9xnUounlVKuz/a37PGdQuEEfs6yZkpYk=":{"valueMac":{"type":"Buffer","data":"Lp2EY/0nDQCRMAqtH6SMog0ib3T12HFNoLUcKeDJHaM="}},"d6eKwHvKJtFJR+yG9G+6yCBZr8gutuDptxO1OF/ZcVk=":{"valueMac":{"type":"Buffer","data":"O2enZVeOox8d+auiDQBhf9B+Pud5YY0Llk7FJ2U7D8o="}},"eYr1Ml5pQWxLqXcbw5xicYn3LdBHA2wGn53BX06Rkt8=":{"valueMac":{"type":"Buffer","data":"Iwj2wpP60C6HyCRj+OcAjID0lWp3Yy0h5gHtG/y+ZiU="}},"ev51EuuJyUTupT15ou6X2v32pRKaStmogaKmrxK7AtI=":{"valueMac":{"type":"Buffer","data":"NChQI7MgLghoWmt7Hdnme8XP0eR1zWHM2AeEczqQnd8="}},"fX3GeEMT0hxoESzwhMdGrmeNHTRlSX7C8gJ/GgNMpG4=":{"valueMac":{"type":"Buffer","data":"OT2KOYa2xB0pfrDxfiFfAoNNg4qcwGSM9SwRPdJ9dqg="}},"gC1nMcjTg+xPaK6TXumpDUpL8rMKJK36aeoY81/toE4=":{"valueMac":{"type":"Buffer","data":"o9pufiA5X61JezOQKn0K8HRELF3p5sE5adfAxziEo+g="}},"gYlTCrfdW/f6JQ7IMqWcW0TCM3d21bstYG+BFRDxqmk=":{"valueMac":{"type":"Buffer","data":"DiC9Z1da0swWI+Im2RoK2IKjaSneTtLQsBbxX3mPDmE="}},"glnOb+XghWXrCeCinj78BQLXM/qYDYtVLv5Ua3+zJe4=":{"valueMac":{"type":"Buffer","data":"F7FSpghEqSPRTk0jVVy8nMZCIQ9Um0NYfr5VR4T2lOo="}},"go/eXPN/q65VIrJMhwFHC4NoJjCAyNFQxqkPMwRpiJw=":{"valueMac":{"type":"Buffer","data":"AfxtG/ayOfgCfBjgCwYBLJQ8v5lhsNiY0H1XRoCyB60="}},"grkGlAhJzkD68GXWC3Y+zqh9AW9hwLer0Tu3hT7RATI=":{"valueMac":{"type":"Buffer","data":"NHa71LgD5UYgJdRGMIY2ZEyZkPn2jsufP1edSmpnBJo="}},"g4+yIsaoabLi9KOWFpGy3GBvVsh11CLcnLpGBrqm9Bk=":{"valueMac":{"type":"Buffer","data":"39WFPiCoAmi4Ikp5fwrvVd/PICdm7nJv6mu+/XNAniw="}},"hIz9e/8qWB++b0O8kh7F8BSd33ec2geaMKMapbxxaMw=":{"valueMac":{"type":"Buffer","data":"NzlfZeazFKQk/OSybh+fy50r7dUOhYrbTMAikEsjylQ="}},"hUuZf3lGWKPdkdOkYgY6BkbQjloIEjk8oBdpARr3mwg=":{"valueMac":{"type":"Buffer","data":"OU8v1lLRW+cVc69jnHDZwVavhY8y7jin/P4Y/2+sN6c="}},"hmg97+107B9R1nFBXp2Lo8qLghJU3J0QHW56mXSQGaM=":{"valueMac":{"type":"Buffer","data":"nMo2Np8/oQKy1o4fxIlwppLF7USPEHbxA9oPQUEV7LI="}},"hmnfRt0qj0qhk3sgfnPmMhG1UrViTj4k5pu4H3sjVPg=":{"valueMac":{"type":"Buffer","data":"y4BIafvLgtZDAc83FHjikVo1fpFHnrSNAiFJ1HKHXCs="}},"h/5Ol4XHSVoCOTbHoy7OOcYWdSqh2UEeCUQchOt+wY4=":{"valueMac":{"type":"Buffer","data":"Rub6sCMqCEVY/jtJQFXtjrybAs6b/1j+oOC0dR88RpA="}},"ijtzUDRAv1jrF8GMUExYpA2v1kFg+frdlM/R/07gBcU=":{"valueMac":{"type":"Buffer","data":"yg+0lcK+w9XgOZthnt+QJ2sVhLmTe8a7c7olg2YWRvk="}},"inwK/IQm4LNraKBEUWfdf6VW8/VVvUCeaLXhi+dfljI=":{"valueMac":{"type":"Buffer","data":"bVaLzbX7J51NffXwM1PrZi1Rc4h8GpChuj9lIC1oYQ8="}},"itTevJbvT1WHxhvoVmHuKiAATmcidQQ+6lEkv+FdPtk=":{"valueMac":{"type":"Buffer","data":"wvz1llj6nDhuVoqDUby+83Qt5cljx6DEoJsQ2ZL3aZM="}},"jHY7X5/wY6wgAExKJCVrW1R1xE4uDDnDkDF4xBMtFNg=":{"valueMac":{"type":"Buffer","data":"qzfWHoLKTo5A1+zD4x2ict9Z5DhaiffXQ2+4qHqc39c="}},"jSdbvcncPijA7/8ebrJ37FdzH3bHmnu2Mf7Wc2IPmY4=":{"valueMac":{"type":"Buffer","data":"NQ5Vi763bMoNIFGj1ZwA3wQs7PJXWRKt38MhPvtjKr8="}},"j6twrMWPYdc0DgRieFBSB/5a7T82kMdbDJ0wwfNG91A=":{"valueMac":{"type":"Buffer","data":"Bb9fg0vE7ICD9y6ZtOLN0GQYe8CU4QpUT5ZhUq6H9yo="}},"j+5oKWUTtJrecrmUA9CK/d7mpP/fr4rTFj8dJYhG+7E=":{"valueMac":{"type":"Buffer","data":"0TA8owySWHaPKDqftC/Gy+SD1iBnrzDOpiUJb4k54co="}},"kGletmyfmEe83q1H/5MXAPDy71ReHupBB5WUVWet2Bg=":{"valueMac":{"type":"Buffer","data":"a8cpr11EKTNRihOLfdojHahqSsdRGVuHcUIt0ZLsbKM="}},"kMU67OHsbwzna+TF7kl9/8SfyofDmnyob0huvpHZxXc=":{"valueMac":{"type":"Buffer","data":"JtiTAYeyYsGHQyqCdIOpZNhCPxXIYkjvvZfLTN59/xE="}},"kWPBMyH/VLmb9d6r+y00IipaHqBEwXQIARsI5Lqkbqo=":{"valueMac":{"type":"Buffer","data":"hrdBIgWHXryAAbEpBCSm1RE4JzR2RNXF57+J8FjTYN0="}},"kbGeZyy4dOVpBGdDILAQyFjsI1BKA0uYx5yqHClVFKs=":{"valueMac":{"type":"Buffer","data":"QASOPLlCjEiCR6z/M8cs++Rc/7HyimdIJqfIdB5nE24="}},"kmXXHG6saDz1Pi1lGr4hOYg9jD2qj7lA457dp7L61dw=":{"valueMac":{"type":"Buffer","data":"o9YB0GXlZwUcmqD1vXuQQXJeFcYE4wbQFKLisT1+lxI="}},"k20PLJYikRFac6/z0ExaTGZFI9jE0R8PijrqimLUyUI=":{"valueMac":{"type":"Buffer","data":"Jn8wDs3bY61TLK56GeEfotsrxNXJozu7hcUIK3XPCIs="}},"lO0kAJxxgpFSUq6SyqSphpeMInKyZ4q+KG1aosbLFXE=":{"valueMac":{"type":"Buffer","data":"YsJiOUDKbPafwakSDtCy9Ug1/FNyUioU/3K3bVKE78w="}},"lW3TMUPIrUgvxMyQWzWnbBrmfmhDbjubqBsv4Jblf9I=":{"valueMac":{"type":"Buffer","data":"ghSaiXCDgkxllWkrEP1BKqpTdz989zODG97ZmqSu+Ow="}},"lnR+7VUY1yTppcN+xcJ+srEuJ4dJOAg9Thp+8dxS0yw=":{"valueMac":{"type":"Buffer","data":"+pd9x09+MhCz9KvH3txDE/A7RnnbNcdQGh3V/KNec1A="}},"ls//Gckmso4I7M14CTLsKw7ClhDlX1gYuXcEpG04nxY=":{"valueMac":{"type":"Buffer","data":"MxXQ2orK4ip7lqj/HqyC1a4nYMebXGbpj2PL9zVO5Kc="}},"mlNodO/qh1p8N1m13GGqPEzHjD+iXZ4Nq6Pzy1h9kMI=":{"valueMac":{"type":"Buffer","data":"GkvIxj17PR4NOeB/6KXtxeLS4e0vJtcTdc4S6ZM81HM="}},"mpVG6yiYsTkLwpoipDV9KWQY2yJDTH9OpmgG6XcLE8M=":{"valueMac":{"type":"Buffer","data":"8dW32xp8Ql8UaVWb09uXJV6p9Cs3uq3mvSM/5OTg5qU="}},"mqFXkC82brN7ce8QdxVKbxtqNEUzPF8vlS0bEjiPkvs=":{"valueMac":{"type":"Buffer","data":"kbBjyr0V0etXf7skHGo1YL0htwcRpBJ+PZiFsPFJTiQ="}},"m3fk4zOp4mtWyzSpBP+xWRFXm9bLzLRhbbDzEeTqH08=":{"valueMac":{"type":"Buffer","data":"/d5pAlg1bNO2fvfZGorSwvkJWTQMTGhvVcmUxGCNaCs="}},"m3lpDlXXNMXVfOIg2ilCV4T/Jvfwlu0E3kSoAdgpJ2Q=":{"valueMac":{"type":"Buffer","data":"4vmzPr1D+972l4CG+XeFJXeaZr9qF4ntev3pi47iBY4="}},"nuAVbL031jwHhvBhDmb+YRyzyaRwMiydm0oUsAYcwJA=":{"valueMac":{"type":"Buffer","data":"b1GD+ghPzSJFMo8xmNP2iShZCVCjU3zdR/5hKNsu+nY="}},"n5BQ19R7avWFyogARL4DN0JJo1U3tPg9mdnmr0Oqs8o=":{"valueMac":{"type":"Buffer","data":"2NNCcwDxEfSjuvNaGaEi/6C95uXZkKcRXvcdtNV/mL8="}},"omQ08ZAHYrhZuGupjBh23LQbcERZqbxjxG9dilqmBI0=":{"valueMac":{"type":"Buffer","data":"1ai5UNEKrhXDNrhv+U4JXM8dleivgdSosjnVA1n0CpM="}},"o3+piW3FBly8q3Ysesngvh0BrGvCPdZCCwpEOy11jf4=":{"valueMac":{"type":"Buffer","data":"T/cxQOqTdG+UDWcR67PMxfvPTv3Q7sXcXWWeh8V50/I="}},"o6H2Hsyefi66TVqref6eOAO1x81gpSczkc3u8v2NqCQ=":{"valueMac":{"type":"Buffer","data":"UuiU5W66ROejl4KRU5sRwHeQwcxTDdGrVjAibMWaC88="}},"pEVfoJvAlYNHVHOzALXOMBlxjr0M8cNYmZFvpkNSXqk=":{"valueMac":{"type":"Buffer","data":"Po7pTS6jUQmpPgc0p8Z0dcX9YpuUmhRbyIEatya3SxE="}},"pPwOdX0izQxlUAtWU2jI884/7xY4uUzTlfR2uWz7x5s=":{"valueMac":{"type":"Buffer","data":"1G6jSyQ+JJeV5pbDB8PtMm4NKy8iikegajyIZvpzj3s="}},"pzlPYy0gXSQkbyUAOrm0YQp+X1IJH8tmBwr3E0+OiTc=":{"valueMac":{"type":"Buffer","data":"ZGq8TNL+iI6KkQD/nxP29QLcG9EO0q7547FWu/m/cHk="}},"qBPbXC9IZxeIDGQdXatDeXatAyxNR4eQvYNI/64KiCg=":{"valueMac":{"type":"Buffer","data":"lCzaW6TXdmf8TtCIAnMp4yDMG/0uPfLJq6Hj+Rb45yI="}},"qM9PZNq+dXH4xynbHr4bj/feD+f0kFiLlpnwRtlQgYA=":{"valueMac":{"type":"Buffer","data":"+ZqtxhVkSfXxj/4oNObczVi4ZlLBOtjQXe2rWUU+DTQ="}},"qnJjRKIUV/d34JEUdJPKkSkux0YFEJqcuSGEmMwdhbY=":{"valueMac":{"type":"Buffer","data":"ZubuDrpd9sfRhuUfNODf3ruy1U2wWFr+P26zanGA3xw="}},"qyBroAv2GKv5u74lVDMhJxZkbdO6g22SPC+TtEImHoI=":{"valueMac":{"type":"Buffer","data":"dk3XeHUBByHxJuzkLVQe3CDFNK1PcUepdaUPP4+IVyE="}},"ryWD6p83QNycsnN6KqLks9Q3EnA7y5m9rj05wFap2Vo=":{"valueMac":{"type":"Buffer","data":"VlTUO/AZ5rFXo1KEBXOxKwMTY61Xahl/VLx8w+E5PaE="}},"r3OSce0QkJuNG48jsr9MfWbzJoPMPZ8F2sOL7wQFrRc=":{"valueMac":{"type":"Buffer","data":"0w0q0PYSK0GzLUwAC+DU0O6cEEvcMrlIaHuvFUfJffg="}},"s3NThqmG3mA8+x27ClVPz5OIsQh0OT00iRuWROWwXz0=":{"valueMac":{"type":"Buffer","data":"t7U0hXqgLg5+DBnIfES38FTXcyyIVoLHbMngTOeOyTk="}},"tMmDgVXXBxAs6q6Aw2K6wsPBr9xw1Em6sQJMZ0/tXvM=":{"valueMac":{"type":"Buffer","data":"Y2IGmAAwKypQiYlxMtmy3BsWwHRMQdV3VsvzmVpNn7A="}},"tXPyzf5KHADmWFVXX+Ro3nCrlcGaXnntd+pNrKEbplU=":{"valueMac":{"type":"Buffer","data":"EkNgrdwi+Bk0Pe93d3gzyYgK5eU0XpxLP3rysdGrT7s="}},"tfxTBxI9TieU2h5vbuS+tbh7jk6DXPV2yxaB/n3ZSC4=":{"valueMac":{"type":"Buffer","data":"YXwLdjBZ3KF5YiuMKu6hAvB8s6lG9fpo/838aWPidWU="}},"tjMIHTnp0NPi3hmaRvf23feaTRhgvqxH9urRfa41HL8=":{"valueMac":{"type":"Buffer","data":"q7WdgKwi8SCnq1rnRtPYgZjP5y/hsfmXERYcGHxgVRE="}},"tqGuYpckdGleY8asMm7CXQngSwDTHetFjYRaLGaiArI=":{"valueMac":{"type":"Buffer","data":"7ZNrD2P8hzmsP7KsmNJRvwvDeiFz5mHVOJzXqEfj/fw="}},"t3Iy17gsuIsFVhuAkX0usO69SgN9xhDf7H7B1/kfSUc=":{"valueMac":{"type":"Buffer","data":"CI6IaQgUbPjG1MhqOGM8D2Twbtx/sIzYdK5KspPPxYs="}},"und/zHV0J8VwPvo5C/NaLV/fBGBDwWpDfxvztESmN9c=":{"valueMac":{"type":"Buffer","data":"/ZWkEM+KuqE+NBer4EM3KRTQ6mlrq6uSraSFSh/gx9g="}},"ut9H88KaJ6t/FovDvJutmKc55L7p70ZxJA7LjZiKQ4I=":{"valueMac":{"type":"Buffer","data":"/s1rBMxNQ9LiUmf8pP85n/J4M7qslwCwxgTzurkJ1/A="}},"u4PzMrwH2qRBaKqQN2G3rV5LVOyFl6Y8rYepit71Hgk=":{"valueMac":{"type":"Buffer","data":"nSWB6GbTQufQux2wvYLq1drczzSF4wD/UsvOPJICsXA="}},"vAua/E9bmH2mMlIrIX8qdKUNfsUYsImg1G/IyVUn940=":{"valueMac":{"type":"Buffer","data":"eqX4ekjXOGJmieWVhPCSCL1UPKyLp33EiBipXNqjcA0="}},"vWKnmsNT7bFuTHbr3iRS5BC433FwlBdv4pKBv6Jw4qo=":{"valueMac":{"type":"Buffer","data":"zSD5Zl7P76uzDMJmEMVQrsiVfWYI5H5Q191KcTbYH4U="}},"vgqvglHGvjWZllval0Ilt286gykNZ7yrrE7urpf4+FQ=":{"valueMac":{"type":"Buffer","data":"N+X44vdhN0jBBJOjy1SIHNlBsWhULIefcRWn2sjizr4="}},"v9AXvKYYSa7tEHvw864muE05+87LD2xf2HT3GPNqGDU=":{"valueMac":{"type":"Buffer","data":"AQlD3kW4SW07qnm9ZHp77iuh6fLM8sl2W9RAvgoyWg8="}},"wQlObKrEy7wCzkOCYjFa4a3CkcJTJn6oj4SUirVVIjQ=":{"valueMac":{"type":"Buffer","data":"kTs9RD/w2pW3aH2wDHt7NqcLg7RFTt5WutLZXZrAq6s="}},"wRQ+eIY+B9QQ3lc7iwwj/7gKVZvtFWT0pcZR4UWKmCw=":{"valueMac":{"type":"Buffer","data":"PY9zTyEIssRB4u171nRofxZNdiHAOKi5xqYkix81cyA="}},"wRRwu1ZA3vk+vMs1uuqvPM1VqcGJ8yUMXMG5chMgOL4=":{"valueMac":{"type":"Buffer","data":"OPXHHuY4XT5dRPDZOU9U5DsT+nXjwBC9H/AR4aaT2Q0="}},"wVJDfyvmhhqHKf1pIZKSDFN3BqY0tK3BUZ1ees2Ctxk=":{"valueMac":{"type":"Buffer","data":"+gKR5PuoItLvycIwgOut1iO2tOoOP6im6Hr60onqYDI="}},"wqDld0p96k+vjEw6QMSKi3rGCvRxoMwUsLAk+0c+VhA=":{"valueMac":{"type":"Buffer","data":"yFUOKCKQv0k5PXCVK2dY2q1P9fP/EodUBe+KLlvnYF4="}},"wvZjCptlmsNZk4YhfQ++uZt9HsMeTwpKfgGRlD08bb4=":{"valueMac":{"type":"Buffer","data":"mtudfmlTckGjQvBcSbJdpDZyL2yCOFBeNWGojzg5k08="}},"w6OA7fxU/7oSGmOyUHdbi2yqr8TbmcU+JZz+u41UsTk=":{"valueMac":{"type":"Buffer","data":"77jsywGGjqdNuYS3XL3Xs6XtZeHQXBvc0NbsLsdFMTE="}},"xX4e/wmeqvgvIgIlehGMr1OfITH/wsAExsGNuZy7EmU=":{"valueMac":{"type":"Buffer","data":"Mcg5NqXKTHzhI1YAba3OrVMgz1dLD2Vrz75en68ApV8="}},"xeOEyvR8aO80VzgZOH9spjLASBthWk2yGQYusj1b27o=":{"valueMac":{"type":"Buffer","data":"wvVUqYx2lZV1VkrwRqelxwRVCXkG7ZlZhh9B0vpcjyg="}},"yJGIGUtsE+lPl0O/TEThHjZnXir47u+gUD3Hf/EO5Sw=":{"valueMac":{"type":"Buffer","data":"7W8qYI5iDJFjrPbPM8klBFrG4OUGOcWNzu2rarOK+P4="}},"ypbQ6lPrSisJcjRkP227HUzlZOXG4uxKyhE8J1Xw9B0=":{"valueMac":{"type":"Buffer","data":"qbpMeGchrUpxFaU9rT4naP/l0/T6D9WcaGhPq6awZTg="}},"yp5AOpIxSBS/eh0iSb/2nG+D9AVHBdCmCK9+vvz2+PI=":{"valueMac":{"type":"Buffer","data":"8cF58ULJf5k+ykP1no7Lpx5fPioTXYMx7jlghrIGZKI="}},"yyQg6w961Pqzd6nRGoFCmpNlfLZ/jRQrvgKBFXJPtKU=":{"valueMac":{"type":"Buffer","data":"vhKCp0Ao94GR2d+eq+osgCt/SJpCHhdxCy2C2zSotrI="}},"zCkmtWug983/giMHpflKMVnzhdWv1TVAQA5UxU23yZU=":{"valueMac":{"type":"Buffer","data":"TwtC0c8/+2s+Er6tVvvLUjYuJZDDWME8cnspiDmrvV8="}},"zMBEJHVZzBL6Pxu2LSSi/cuJcPzyZmJMAdBn/IPkQe0=":{"valueMac":{"type":"Buffer","data":"nQJGibbmzWgHHceOCtRVLW4ppC7KOKMfy0N/dEzJSqE="}},"zOphWM+jkU5RQM9dO4vrVZOF9RvHuN0PaA1ewIQRHnE=":{"valueMac":{"type":"Buffer","data":"mvoZvIqGSLB9uBicxaXqSlobv6eMYyrxlcMtf0ptdSw="}},"znpPs4nux0wfYLJxxPS/OuRyf8+I4Hhruu8wYSH0x2o=":{"valueMac":{"type":"Buffer","data":"KtYxtuazdEt4HxqVPebUxe8B+mtQe+JzDDlPFaIlUsE="}},"zz3GhKJHOdrn9i0MIbNmEIr97mOnu7oXJfR/VXZuCPM=":{"valueMac":{"type":"Buffer","data":"5gBkEFfr9D5/TCvcYg8/IIexfrzh/8o4g2+V7wcPQJc="}},"0BmOjEEGYfs4yyvNf5od+9f5Eh7rtc1tRwOofWQTUxc=":{"valueMac":{"type":"Buffer","data":"2jHUr0v/h4LOB4a6qrUwIk0kjbnrBIfySI5UBBIyUtM="}},"0iRiZxYvFZ0OEOEVUudJ7Qci17l3EJTeQ7QhRBtkp3Q=":{"valueMac":{"type":"Buffer","data":"uOyrvMFHPiP8QSMfTuIKoTbmwggw42MJPMMX4LxjEUM="}},"1SCmdcCmW69SY1HzsuaRug+0jsJ9s6M5IJFrvhYV/xQ=":{"valueMac":{"type":"Buffer","data":"CfuB3UJSBD2ietJTQfqvQhB1I7ZyfM7J+51AKjbA6n8="}},"1+20r3fYjFc2YEhcmVGalkII6WaKZ6boi8I6o2xhOAA=":{"valueMac":{"type":"Buffer","data":"wQd3l61cmz6EaOA56Ru5KvWWOz/zEyPYVV6M1CxQq2A="}},"2lV/pJBX3A2eRr+uwo+neq7G8SAN2+J78G67ldmfiAo=":{"valueMac":{"type":"Buffer","data":"i6Hz3p+O9S49BlQc33sQG1TETKxHGh5WMsttDEXHUlk="}},"3Drx9OxJuim+cg+4zsb2XzJEwJIBnjmMyxRRpoUkH40=":{"valueMac":{"type":"Buffer","data":"HFNQihxnpkivLchJbktTThqMFvAV/4SoLCD7spV2PCA="}},"3I0A5aLwtTzLjjyfgjcJPWmYVd9Ask8emMRyHFbwDfg=":{"valueMac":{"type":"Buffer","data":"ByaDvSSIYtmGosVt+w3HHOfFzQJhrKXsGYpM6PJiGRY="}},"3zp6zQbBzS7Nb6NslTyPC1AWqQyseIOKyJnk9uHL5u0=":{"valueMac":{"type":"Buffer","data":"ZSUE3bofDLUyqh2j4tYNypTHKWU5Ho8vc8hZyEyy93I="}},"3/HSwfl2/bFozdK8vpRwYp1zq85U0XHBB3NliHW/M10=":{"valueMac":{"type":"Buffer","data":"cJdavrTomJk8M8NAe/kPXHvkuOtS11RGR++tkEqO3Bs="}},"4DIY0pvYn0wYDtKSLcIq0kfMzWrD3lMjxJDEn9B2ZmA=":{"valueMac":{"type":"Buffer","data":"6jtCEU2SvHvL9q5bGFGP5CQZ9Kq9jJRTJhYcNNAGlB4="}},"4Kd6VDW0QRZ+kybLPO0rOkoBr8D+1IOTtbeDwWLQE7I=":{"valueMac":{"type":"Buffer","data":"HKNcuJSJaW/M2XBek4QTVkcYW2pHBLSpWq+jLnUk7mQ="}},"4Wq0mt1UHbtPeK1P0veC1/DT4avS/gh9/KHOEaYS86s=":{"valueMac":{"type":"Buffer","data":"BIXUAPdFUi4h/S1y5VxM4uBxiliWp/T3AxcaTtL9f9E="}},"4zqSax63z3IvXeRQ+M8KvemnyNFDllelNE95yQn9wVE=":{"valueMac":{"type":"Buffer","data":"A1DPSgfQef7fyvYSE+rfs6yVPHsOFUlTkW310AqlvJ8="}},"5GCuJcWefDOG1vRM5UpG0B9ZJDYbUImyZLCr2wZwp3g=":{"valueMac":{"type":"Buffer","data":"gbnAWfGnuy9f0UfOGodzeuvyHH/lskH/pgzQLrHE7Yo="}},"5OCqA04XV+ZnZvQ9eGxmeeKbs+ioqIzgQszDScj5fqg=":{"valueMac":{"type":"Buffer","data":"baBiT7HeHRBjJu1aOqbpVn01X1vAMRFWAqjD1lef3/8="}},"5WlAcVjmHjzHQb6hVU5X9Hul9IJcuiZ/9Uwi/OL5cPQ=":{"valueMac":{"type":"Buffer","data":"NAVDuCuk9WWyjvLf7J3YzR5tDP4QiA/zE75nW6QNI3U="}},"6VEuByU4xFk/Fsk2eaiYLDR9JMdeYq/lcWUqekamUHA=":{"valueMac":{"type":"Buffer","data":"a8OK8RYMWv2SVWYhBIecsc4z9zzQe3/M3D35YWCBhWM="}},"6oebhQITHSHJABZqT/uzs0KxQjRnqN+5BIgUC/a+KGY=":{"valueMac":{"type":"Buffer","data":"nBJeuiqqn6LlsidK9RLi8jqIKrevmG6ssb8/JZlgIX8="}},"6vr6GaHWLrUNhWhcZhR+KBW2KXgVrBPRrm0MSdlHR8g=":{"valueMac":{"type":"Buffer","data":"gMgqpYJ/72B8gwhWuaqlzXTEhNuY6ZkzVlFdLRHij6w="}},"7FeUIB437JXzvcoPtRbjq2kDEgQt3YREGlUfcQkU3tQ=":{"valueMac":{"type":"Buffer","data":"iZcOr1eMsEfVwIj3NJwOxIIcYgDoGS9KzpVQrdz1SD0="}},"7FglGI9j9E1uHFPjJqz0qbwCXWS2gSItwtatC7hUCfg=":{"valueMac":{"type":"Buffer","data":"/j5jBB2hd3jcwhSKWPC691Z2FiGspuPEd47Qldf61fU="}},"7JkUZ/NMtQVAjCwc/zXF1V7Sa5gtAHGVWqoj/wzYJKk=":{"valueMac":{"type":"Buffer","data":"LcQZKENji221/pN1cAQiVlOdP5SdXNl7sAA0re3h6e8="}},"7vZBqa7ID83UDSH3g75O4f+DR3zc2JQQ76oOERU+cmI=":{"valueMac":{"type":"Buffer","data":"7v76sWKZDAr3mn7EoQTPhyIeVy1izo3fzEWgSWdc6CI="}},"8CEOIF4QCTcCBVl8iafmQwn/hNnO3zOS1g+4eH4wiAs=":{"valueMac":{"type":"Buffer","data":"RzuuVc3hXxqTXIib1BHbNiAuebuCsiTXgmKQrV11TZE="}},"8kUCa3m/GMxmFNB1NZFCrtxAP7FVA0VBTuyWVjsymX4=":{"valueMac":{"type":"Buffer","data":"BeTIuJgNr+iBpmJHxhEkfZS1lgA4Iv/3azgh+2Tc4fE="}},"8kz4wBh6IwrkIT3ERte5CVj1d+3fjgeHBbE1Qn6KByU=":{"valueMac":{"type":"Buffer","data":"yTVvG/87Re/24T3rfUFDd49y17L7As+0d+5lx/OfeF0="}},"9sqk+u38rnSRnEhdrusNcKYmtgQOfoPV0SgHqQqZb7Y=":{"valueMac":{"type":"Buffer","data":"3htHagFxyI0ILrj5Td5OCbf/qPoIJ3a4Trd42D/JpUQ="}},"9unqbozYh7MYq/FnuTCqzNLBhO3wnuu17+Da72jTxIA=":{"valueMac":{"type":"Buffer","data":"wCTERVXquD4g9663NTWho3PzbarJb8YuOhq9f6Jfngg="}},"9/Oirx/o7KSr+zgNI+jbZUaZTAYrW95r7FRapfElQJY=":{"valueMac":{"type":"Buffer","data":"jiqNJ4z3NjzZCUjQBu0cMputSNjglI4RnD9A4eL/vIU="}},"+Q9S/HwoZTpz7ILZZ9EMHRTqGbYcrtwZ6+2j1etlnsA=":{"valueMac":{"type":"Buffer","data":"rOYpIPiWQAZCB8xmW++cC+GrkU0814Taic1hTstoRWI="}},"/IYMruwrXKXk6JbQ9/oG3qltxIv4Y70AuqGRWtllbk4=":{"valueMac":{"type":"Buffer","data":"osvUjMyRZ1OmVKgeSKmdtkuSZ6hF5tH2xPnh6Wy8eD0="}},"/QGIuRb5fBTB7hulLMurzCp8BTQBJMIWdefS5dejtLc=":{"valueMac":{"type":"Buffer","data":"eEx0HRcs/zrEwJP615olYMkgHHOLlo1x9EwtSfvFJSM="}},"/eqqD5S8wau5UuYbTrQ+pN8WvoyGWo8JPbgJouDaBE4=":{"valueMac":{"type":"Buffer","data":"YqKcIlQvDhqIxJwHZTIBhmog3VigL7m6cploJ5Njn50="}},"/vOAoFV/QAj32xN+1M+BP9VW6DS/Ibo7Wkd3FTj83E4=":{"valueMac":{"type":"Buffer","data":"K6cmnSFeCik4DL8/EVhxxKsAgH7eAuaCbH0r8+BfJvE="}},"/wjhBcSJ7F6cwjY6uTZQQa8vXRC0QtXS1yeWYddqKWE=":{"valueMac":{"type":"Buffer","data":"J+BE9HJVYDXOnHbYvMdgDjXLMMlU5VFco9XKgYFwT4M="}},"WY00ujJzOuhE6S0GOT4RHLaASTAEimASWpLgTemYuSE=":{"valueMac":{"type":"Buffer","data":"v8+zgu9Doa6TDrO1ew+ZWmvOiBqgPrgGudCO9Hrp3FQ="}}}}