{"version":97,"hash":{"type":"Buffer","data":"9JDtIBU1kgWxwhQJGGH0Ba6PKU6w96XPnfYFbcqG+srVAB5pHupyZNGg9OqQgHB98abk5Cz/jnhY6Rf/nCitHanmviNmYPZXPulSpbVFp6xB0qxzGHPOAiCsIwxoxRVksy58IYpW0Zctc/KI/BPqi5l9D7+YYUnisN5+rooviAM="},"indexValueMap":{"AN/LSGwYgYm6OGUXPNFzunNBzibiDPOjdZPIAQmmgIU=":{"valueMac":{"type":"Buffer","data":"0qkB++OBHyF7Aoa8ZzZI1I8/PaxDfEV26Cw/91tszR8="}},"AhdhlQmpm4F3ebu429NDhNgKsMY52TX9ZssWnbl9bMg=":{"valueMac":{"type":"Buffer","data":"AGS8F8nNH2U5GQQen8K5Lakn3kEVGvmMNv3WgCHdyY0="}},"BburVWXweqDApHkE5Z8yIaBq21l2iafKUJ1BQx5T51c=":{"valueMac":{"type":"Buffer","data":"QtlyAHCdgSbxbf3/Ii1CRLu/SCEEZauIEsMEo+QjL3o="}},"Bje60qEUvS2MuSicqWnVK1oDVCTlfxxyQOR8l+AcU5o=":{"valueMac":{"type":"Buffer","data":"HmLs3C5Ww33Bs++BM/i9V6BkhOEITlh+rqqtI6tRFbo="}},"BnVnEoCj4/FIhKZNlu0pbGL7vUCyQFW7Cr2JvJg4e10=":{"valueMac":{"type":"Buffer","data":"wNbNAe6h6git8cbhLDTaf08xi31wXWfW1s8ZyJBkGQ0="}},"Bs4H4uQfVrp4GMxmEEkRlJHWr3sDtfrhUTO6MLsaDkM=":{"valueMac":{"type":"Buffer","data":"Waa1iiGckGNbokpKbsMCkUtctpk3CVpHn930T+NUG0s="}},"B3V8VObdsu5/rB1aLse/7+78yhlEZdvKwCTrDVhZA/4=":{"valueMac":{"type":"Buffer","data":"qj1y1jASsXqIjVU7nZMwxxvIpZCYJ4evZ/hdLKaUIjo="}},"B8D5WwoQY4X9C5zDAAblPCPKroElKJsfHIvtV8KyNBU=":{"valueMac":{"type":"Buffer","data":"ZSFXMGV7ozYMIM4p+faH8tkJ2gE328pEVd4Q+FFpi5o="}},"CYCtrF77CmkCSx/tlfVKJo8pnqhQ/gqxL+y1Arat1x0=":{"valueMac":{"type":"Buffer","data":"B3oNMqrRsyXOQG+Wum49oU9bldEoiJYuSmAS7iV/G1k="}},"CZ9wOVfmr8kVfP20XvHdnqp9P/okteW61ZqYfx7900E=":{"valueMac":{"type":"Buffer","data":"ocrOYOY4vv6kfPDz+yOXLOnr2njFZXkBI41XRX7APYU="}},"Ce9Icrr6YgmexbSm4o1XFhzuBP5LRZpcYMFzCob2Yl8=":{"valueMac":{"type":"Buffer","data":"5g/nnun+ekg7/5R1Eq9Om5zzkqI+yKkEWtm4eDbiF7k="}},"Ci9+owayICpIXVG00uA9L19BYMT3gqrJFwRK6spaNdE=":{"valueMac":{"type":"Buffer","data":"ARobKSQFPk0LlUvepPghyvnLI9DVFsb+OG50ASaL2AU="}},"DFlqrh5lKlBuR4iTybjavRtaEU4tiNenzicN9QNcQtw=":{"valueMac":{"type":"Buffer","data":"Sa7ATwzCcfIMuhQw9aPCfsHH92H7YSC3JfQsEBppBJg="}},"EKfXo2ot4codR5YLAmjwPHdU89mBFiYX2nqvLLPinB8=":{"valueMac":{"type":"Buffer","data":"t1b+J0jsb0Ec5EewkowR+r2MezOFQzZxsC315B3rVVU="}},"EXNxBCIZJeJz5ozM4HY6SVL6i0NFgkEJ5QYbqufbd5c=":{"valueMac":{"type":"Buffer","data":"+4NKFlwtDK2nVwuESafYLXOjaTFIn8BO/tEoyzq9QVI="}},"EaibEt/Jwvy8+gBSXa2Wu9tY7ho75lK0PZGFJiJBXaU=":{"valueMac":{"type":"Buffer","data":"6rvjtENZY5LfLcQE7ehm0/dSb3DOtILpZtAEBfGSUUY="}},"EecV0CeqV2kYR6V1c78vDaKrKCM68dxNE03LEI+UC9c=":{"valueMac":{"type":"Buffer","data":"nMaIS8NVW13Nk/dcMy3Pfa7mpoK4PcK7KCIQr2m6AP8="}},"EnAbtknPHphhjuhBjwiqwGEvS5J3EZb3yS+Yw9SfzXM=":{"valueMac":{"type":"Buffer","data":"x5HkXrFu3k2+fRLoCuiMsb1+3av9MwMBBwtWzklIeDc="}},"Ezb5g5ffCXDw0h0lrYoF+c7HEn28jDqWdt+ChLpx/1A=":{"valueMac":{"type":"Buffer","data":"U9aW0MPN3hXUh0vlqNs23eYoVf7E/vgMqRIp3UhDOfs="}},"E3WM4Q+QuUkGY1ehli0g82jwjZV8oJQnJOFdOhwzO3U=":{"valueMac":{"type":"Buffer","data":"GpC8NxrnGRe9JT8a+fqG2J7w9SmmcS5GiTl8MORWeCs="}},"E+FV+gtVKa3s/jqw+2m9vZUiCo2zLMa4kG9efe5s0Jg=":{"valueMac":{"type":"Buffer","data":"1PyBismta+N2KsktsGdQ/Pi/e1pZiqUVr7ngYLP4M7I="}},"FBUPrMSZixTfmcyE7TeKSHo9fwRZq81ZEQy6vZjn23E=":{"valueMac":{"type":"Buffer","data":"VPUxB2y/hEVjDOU1XZ7KCuJs3HSWCZVGVLqyEBgCr4o="}},"FJZpkWPyA5AnPGjRaKsdBOXjqM+C01PL9rFwnAWF3j8=":{"valueMac":{"type":"Buffer","data":"Pn9IEBY+RSyUtsTw19DfHLdMBgTk+Mcp3mLgVQ9U6y0="}},"FYVgwNRZ79QxGFGWUVQAaNKLfuZYtqOhkL5IbMBn6J4=":{"valueMac":{"type":"Buffer","data":"xpVl/JD7c5RNCbxh9ugQKCUQCaK7/DaTd9P5lRBMHeM="}},"FYc+J3wEtC5bKE2zwz1dBxgF8PIs5KPSmBRGXTmUA7U=":{"valueMac":{"type":"Buffer","data":"bBMV1qEu3wHTgOV05XbiPhEeGsxYD0zGm76dF0kbMq8="}},"FzkaUVE5RYwVRdoH6aWDv2woLZchrkyfrKYzbhtQjMA=":{"valueMac":{"type":"Buffer","data":"/+QmD+mn/oWrjkq1ZEzDbstC6pt09Nq3A6xVM9lKfeA="}},"F+XzYRjI3VwgQCji/hxcSVsOQdRHLsqsCRMflygFHZU=":{"valueMac":{"type":"Buffer","data":"blXsSZamy01bmH7D7aetZdSYecccNDAZ8EaVA1JMmw0="}},"HPBpLVrnZDY3Jde0tRddKLDmXAICn2xF3wXL9/NT/R0=":{"valueMac":{"type":"Buffer","data":"7G1jJUQ5H86ETQBYXT8FG87Xmivw5ZDigNtebB/Xh68="}},"HaJbKOqFYoIO1fcncuZxf8CvyODrkPIXSzpa/GUb6L4=":{"valueMac":{"type":"Buffer","data":"4x9/q371VTj4rFeK9BUUIhGSXcJ8JvuTxNvz99YVUGw="}},"Hhyq8Pw9CvRYFIflRO+sdrvz6qHc/YMbXZS8hIkaZyk=":{"valueMac":{"type":"Buffer","data":"Fi5JKRon2x2qBM33EHH4QDNb7tHM2hmnWx10trexGqU="}},"HqzG+5A+YhBAsomkH0+2qaREHHjWi8oO8naivawXnBs=":{"valueMac":{"type":"Buffer","data":"7/g5cAUeKSjKqBHuUIX24kVINoAXHFrB75u/2vieYCs="}},"H0FWhKY8uSHXHfxQVaEXEkrt1HYgnUWIrYD0CsStMfI=":{"valueMac":{"type":"Buffer","data":"fid0Zp3Tvvwf3XzM2DBLxUb3j1X2MggH5Sa7CPVcFlM="}},"IPNbH0glKU72zdfjBUxWiKObEXAAUHSV+hQ7jGzfDk4=":{"valueMac":{"type":"Buffer","data":"PHlwuRQ8gtBgFZoj8iMpHMA6rlSc7F/uNTYBLrwQRCg="}},"Ii8IUqPA07VnNSRTbaKG885orrDsqxUGJFj1vNxkGZI=":{"valueMac":{"type":"Buffer","data":"a/xiohkx+OcgeQZPS3LX/sHukzF5YsIlixKPrUmnNJc="}},"Ilf2aPrkJzo4aqU/rOsMi9lJDn8+fY5joGwwWqb8Ano=":{"valueMac":{"type":"Buffer","data":"EE/V/D9uPX6CijcZokqMlLF85lK8f4SZg+lowRFZ/jg="}},"IsNPg7LD9jVv0LBs/HuJkdW4rXM3Po8vgOB0vl1157o=":{"valueMac":{"type":"Buffer","data":"p4vBNsFzeqauM2hgrm+fNtK0S63Ozv7edf0lg7kBaZs="}},"Iy/i9EOJCLeA7eMzRwd0TrbFtcKn0ebDZaFLiV6bU0c=":{"valueMac":{"type":"Buffer","data":"hEVAjcbVLsjrIhqfbym49AEmCjh7skhqc3p2Lplr0Kw="}},"I3Zkf1Z3EjzeKE9fYXxczvDZMeqFGo6t2c7tL9uQaEE=":{"valueMac":{"type":"Buffer","data":"7AkqfQgiNIea4Cqy9WXfXv3tfF0+JMXtTgWuIVXqQsc="}},"JD7gof3k+pkkvbhElRbGs2lfxxv9Y0tlgKKvHrZbt4w=":{"valueMac":{"type":"Buffer","data":"t3JNCbBuZPFhpvgVEBFNA6RPPMCboUzsUMNQu2G/aXo="}},"JJfMGc92ul6F9rPkSvecg8qcOKo40dXf16aXUcJg9LE=":{"valueMac":{"type":"Buffer","data":"4RpsXEMgUodrPgVQHqw5qn0fpQ3wIs2PIHdzHOhd/eU="}},"JOzXxZg050+RRKbkFk1UtdroGjB7846cvEnIhQyPWaM=":{"valueMac":{"type":"Buffer","data":"FEIawX+dbGkPWkBFgZQ8bGZhHYbwhq7oLI9mED9hMIA="}},"Jdv3qaCeip7vNL+0mq6Rd5iexQYJxK+22CO1KCBMhKM=":{"valueMac":{"type":"Buffer","data":"lM1W4lnA26VJNU9AmHQBqCzD+nfVyE1t/Rwj2S6j3Eg="}},"KglBj5gRaZntnuuPvok/pf8XdTPx0pBLl9zi0ngSrc8=":{"valueMac":{"type":"Buffer","data":"3WwMVKlS11dUV3nDRmafuAQU3Q7JX+6waDQ6cWZ7t54="}},"Kp+WlLDuJHFMhM44fPCZCR/ycGzNzixFeTwcZLsgkCk=":{"valueMac":{"type":"Buffer","data":"sCA6ZqWbVOThNig44yS+9ucqwsqCvq4UZs4Pqf/JK7Q="}},"KuGqDXFZyF4FYeUMkM58OwbR/AfYQhsgzQBryjVJpdY=":{"valueMac":{"type":"Buffer","data":"GkA7AxGLNAB9GEFBajjucNoHnd32uq62mpsUX3gYb6Q="}},"LMRCFussXoH5R1485wquxQo2c/VfhVruZ7K+XSnCEOg=":{"valueMac":{"type":"Buffer","data":"C4ApE/kQLsIAAdtEGEPvzOzcbHDu1S/KWzO1/Rfdnvw="}},"LblrYwU56gu/4OsNZFhQUnJh5aV6xJdZJv42NUj8KqI=":{"valueMac":{"type":"Buffer","data":"cy6S5hysIF/ZkKNYgZBd/RnuZw0P+xhm3iIyAea0gnU="}},"LpH3N6Zr0LhlLwzTt7Q5NnodrBpbyNYY2+PGL6MwX7A=":{"valueMac":{"type":"Buffer","data":"GCGOK9cP3DX2eOdPUcl5NZyv4cYJue0ln785LlSl458="}},"LsEKRY7gnnBo7XbSfZ427naI4WbXDLJutH1XGZ1ni9I=":{"valueMac":{"type":"Buffer","data":"JPWh/eIvwaeIIlj4qKi3hoY0/7l6njmcHoa0htgCSCY="}},"MY0gnsSWtbLy38HqnwliltraUi0WpzZnnAwvapYK344=":{"valueMac":{"type":"Buffer","data":"QDVc4JsgY5PbkqW3DP5y5iPnM98ydBpYl41oP8mwhbk="}},"Mk5YdoVi8exLgy7VupFVJK6hAiV4SRm51ZlLkrgEH5g=":{"valueMac":{"type":"Buffer","data":"Zj6hHg2byXFjCVq3pueZmfPBarGo6NvW5MRWRPoZfjY="}},"M0QLsALlNUYETjE60KmTWoGUCdXucGrecPVq9RpK3SM=":{"valueMac":{"type":"Buffer","data":"h6Z7BuaxrQD8PkwkEDtV/FPNtllSnG79Y3/zqOh0LSs="}},"NNtpvA/prL7p8RWBLRsbCuwSqZiMhqGgiJ1jRhxF0+0=":{"valueMac":{"type":"Buffer","data":"Xb0pcivT/wCTUkw0RRzNybf84jOFzhtxFkiLWHNtU1Y="}},"NRIb/qTsJ55zvozT3UzWb24X5ePpipBXOvQeM8p1z9g=":{"valueMac":{"type":"Buffer","data":"JAcjd5wCvMzZ3h6OPh1HDWxYRxBRBrOTGW3Pqcg2Ufg="}},"NZ5V5iuBI5KqRsqoGF72GqnOWyVUbxGq3dmmSiyHRe8=":{"valueMac":{"type":"Buffer","data":"dbRprix2Dj2wbTS7fT99GSeN5wpc8TUzeHDs8mLuRa8="}},"NwwHkL4qTnsoD+WB6Wsz0X6Di4MYEDj99KnnJoUevyQ=":{"valueMac":{"type":"Buffer","data":"WcxDkznY8TTZMggB4QyAKP9JS2SOCyfFWlG73yF3fpw="}},"OPOg8m0+TW2Yt+UTY8OvUaCJ4McM2DcXcVdaSWus/6U=":{"valueMac":{"type":"Buffer","data":"Df9ESq4Fyw3xkIm8TsO7AUqkfRcpgYaXONDMnV0kQpQ="}},"OUo4Fo7NDCzvA5RqTCX/wTA9dzQ1NYQK8RPf960Tgks=":{"valueMac":{"type":"Buffer","data":"+EQhHfGR6zC50o1AsqA6o32OU41VvrJEi9iIFPBJk6o="}},"Odber2aQQpPuWsZl8t7+HbrtBgnVw237ak83SVV3F88=":{"valueMac":{"type":"Buffer","data":"Ucok5Ixc7fjIW3+ldNvgwc46YRV4Hpghyvb/UgDzN2o="}},"Oga//10l57fZHMHW3ofX5nrmsPaHhvdd28bvVFRKJYU=":{"valueMac":{"type":"Buffer","data":"Gs3sjxXbDsWKTbADgYfEnuyX9ZjkZLIoN9n0uqNd1WM="}},"O2afasb1KcLZypzk5X6PqlqUv6uglWll8mSNJitIiFk=":{"valueMac":{"type":"Buffer","data":"VtkUl1VwM3uzzs3fvxyThVNWfKhAaTWXeGTZQIe0W4A="}},"PLNjsVPNzxmEQ/AeZ0g+ujFP1MXlLFWCXiKg+t7twXU=":{"valueMac":{"type":"Buffer","data":"qZfSAUUS0+QgoGzXEwTBjeXHnHGrUOb8DNsh3MY4ftE="}},"PbDK01uIhSNdz50PYEICALdqAecrumfaEdOK5OQbscg=":{"valueMac":{"type":"Buffer","data":"3v3bAL6PooJwVGK50bqz0cX1JLXJ/vmHbY42RrecYDI="}},"QT3mQRrAPkqCnoGXUrbYnTK6zwdo/upOTHhWP5TM78M=":{"valueMac":{"type":"Buffer","data":"+n75g7FR7vycXAAhNtzGJIkeolpp7a0FwFdqYzYcdQs="}},"QgJSG/NEzZfj2p6Bhlrc0g3Vjm3T2iE0IlbsE6HRyZ0=":{"valueMac":{"type":"Buffer","data":"jBk11fLuNThUBGAM1knE2Mts5JAVV/i62kJr+C239RE="}},"Qi66bsmM2NW4bwGA8OjhlULHQ7wMaP2QsQaxHd/c4kY=":{"valueMac":{"type":"Buffer","data":"azV4er46o6yrRzzlriWD7+uvHz+Ked1A9Ukk0NpDpw0="}},"Q56I4soqyFR47t54qGkKrG3uQ7uiIkIQjv8zP8Yxy1A=":{"valueMac":{"type":"Buffer","data":"9lZRMhsTe8bv7IWhZu8hhQIPyFsYoHC09a4imiab+LY="}},"RD1WI1WIQLO1VIH5BW8SlxSA+cszUmodNiU1T+U2xz4=":{"valueMac":{"type":"Buffer","data":"eI4Os9AWArsprOITy7nm++uBIzlJmt+Jlwu8yWHvDyM="}},"RFaiH7jncbdxVqLfu4ECeNV2SdSTymkYkJr4Pe0LVgA=":{"valueMac":{"type":"Buffer","data":"0R046u34jDB423Y+oHX+jHbfYCQ/0BCh2GD5LXMNJ18="}},"RObwCoTCisZHx1hYt+IbbZq4xn2/mcftIKir8uu6ug8=":{"valueMac":{"type":"Buffer","data":"GYAshX6n73qiFvxZyzlnwPkB1iycf7hBAvLckcK96QE="}},"RoNg0S+Y1F3dNoep1jPFS1+gsSGk6ScBHENW3H2aaCo=":{"valueMac":{"type":"Buffer","data":"DCE5XWLJapvTU0RQqr5Qo/PgtEdmQLOi0abgdpj6taE="}},"SOqbMoY3SPraVWv1rPV3ApOu0PecWE5DeFVgeD78cbk=":{"valueMac":{"type":"Buffer","data":"ZBSAg8Y4ZF20ZcpoLI4dqdvo5H732RLiDFg4gfBKf2U="}},"TPKqjL6Gji8ap59llr/5HcwE6pKkFeikG/J60DTWo2E=":{"valueMac":{"type":"Buffer","data":"XY0D101MbwV/MhXwN96S0J5lHbX1JgLLBkcq3nFYwq4="}},"TlQeKsQYE2nBQWLSYhTR0Wdbl/rRS7ysAxtwtVE1m9k=":{"valueMac":{"type":"Buffer","data":"DFz3ACCYG9wvSS+NV1WZe/7vNZpCkF4QqC7a3IT5v8A="}},"TpUQTV+Y+lMpkb5bJ1RoeSCfBihpvyypyJtJvrvU4ZE=":{"valueMac":{"type":"Buffer","data":"+6ykgryoH9bJNiamHpngIozsih6vBaWg1d3p9SjIshk="}},"TwFBIsnHvKOFrJePBFIpbLVKMCl7oUyIjtb8eCfuXP0=":{"valueMac":{"type":"Buffer","data":"Q+yr9NFk+bfnQdHRW9pDNQZhvKGlHY0VHgL1Fx40FQo="}},"T0pUelSOVqfqRj3M/VanF7BP+ynAnvEns9X/+QWfpeg=":{"valueMac":{"type":"Buffer","data":"+yZbvgb8hR9ybfOFepDIF1lL+VVCyAv1gEsSRjn61sY="}},"UhF87HWWBcyIC4jnUStYVhOLF1o0sx0ETtBLXsnRQ34=":{"valueMac":{"type":"Buffer","data":"EuyKilkuLDuO+CKrZVWKyzkr902NnRkCW8E/ayjneQw="}},"UjPHji4GlULr+vbQHNySctbxiExATgkr3+3pXNemnPQ=":{"valueMac":{"type":"Buffer","data":"0ygVWFcb1zqnI4/tEekCnNSod9la1YJkQutE0qI4yWA="}},"UmWahGHU8eyTLxra8REzLPhgpJrE7AkfJ9U+gnSysuU=":{"valueMac":{"type":"Buffer","data":"cSZVHNUyOhnbdxvGh/J5Pt+KQ0sbgoq0q+hCHo92a9U="}},"U5e54ZcbEpVz9jNfcSYy4Q/xZz/YdZz1DXKSUtZhy7s=":{"valueMac":{"type":"Buffer","data":"MWHehughg+1bywrawBSBAEPg8nO0JJ47fkmp2qnqgDg="}},"VDQHjrSqvQ9OA9G6bFypU0umpJaj64cc98lCl6s/lvc=":{"valueMac":{"type":"Buffer","data":"Qrkyemz4CS9hdO/Q7UjlUFXYJaKeJ3e6klqujcI+yjc="}},"VN5QQj5pxKCHsisPYef1lOtd+tkP1SjBHGzTjYSFa7g=":{"valueMac":{"type":"Buffer","data":"lGhtWVIP/wQjg+kgmiVuMMYPBNYQbtCXoQisfWgbN7Y="}},"VXGuhvPv1i3gZ0L95wstOKUFyfps8ZrWWTbEfvb6Pl8=":{"valueMac":{"type":"Buffer","data":"EvrV9hrJ1rKYsdhLkkURTwjmk6xzWNLKxY/n2foBEqk="}},"VncwwNZqYKY2aDA7H8o38D3sb944973MqDo80159MOI=":{"valueMac":{"type":"Buffer","data":"LflqvtxPw0z81N6Bcg5liF7z9lcxZFapK9OHwTT15P8="}},"VywNnbBAEvG0K7kCUunUP1y+Y5MOxe2WLI/F0axdV9o=":{"valueMac":{"type":"Buffer","data":"xU9pZ3LG+xR0KsF6dxm7j7BWc4Zhe3WK8eFfDOtUd0w="}},"VzEOeYmqFy6R7y/1eaRV26JDM9MEMMGhEDjIzIGdSjE=":{"valueMac":{"type":"Buffer","data":"HrFwt/QxUtJFRBZRFF+JR9WT543zD8N8qMSMHBOs+Aw="}},"V9Vnd/fpuIToqZVY6wlZNryHWGTvunwQhIkN9EVW4Eg=":{"valueMac":{"type":"Buffer","data":"EXfBzVMH2jamNIBsokSjryaK9/o1CCNNRAaNcu6Iymc="}},"WL9xKitE6ViSxRIAfll8/fzBu2tmAW4M7euKDWQe0MA=":{"valueMac":{"type":"Buffer","data":"mYgHqPfPj1De9QRwWeejJet+9418WZPNksSvbOLn53U="}},"WYH/HTfewUSYW1hrvu93jo/ehvy/J0u2Y0otPXlaMp4=":{"valueMac":{"type":"Buffer","data":"Cicxg9nTIZ8Y0KwSMIzqpSG2MWEDLe5DAg5PHlLzlY4="}},"WZyBA3iS0nJGSXb5zzdSgTrAteDtxdJ7tskDF1jtZpM=":{"valueMac":{"type":"Buffer","data":"JNyzI0KCo6hJ4Dhg++OxTHzhX/WAdbkO/s1rOnFuGMM="}},"WbnyxGANIuSMtANUKWiU0jt1EEB9Mmb0xmuG8t6C5ew=":{"valueMac":{"type":"Buffer","data":"0DcgrFvSt9WX8whch9A4Y5oOV0g46or6A/atZeBHZ1U="}},"WzU5CVaUV114bDChk/qPJex48Xqli722iblpRPr3kHA=":{"valueMac":{"type":"Buffer","data":"rGthp3uKQYu5ODZ+ve6YQnSPKB7Bd2Cy0e+tTSVdmEc="}},"W5v93rnEJIo5Qi9AJKrHXi5NKzIRYybblc3ZwTwfn1A=":{"valueMac":{"type":"Buffer","data":"Sgg2sJunO178q5QFo/Nl19BBivDnxeBhVnkmqLTP43k="}},"XDgUKUUWW69/pvmVY3jdkW/H4C/+/PXGhVB+GIbIZic=":{"valueMac":{"type":"Buffer","data":"tU977aZOMeR7QtoXGpKPsCWYK5Q0AgyJbMA8F2RrqKs="}},"XOSl9pZ3sK+oGAW2eA8IUi7OgTov7wqK0iQljol8XWc=":{"valueMac":{"type":"Buffer","data":"bMfYYUtcZzWYm8seGCbUHVT+3u/TxF+RdC2ProhNNzk="}},"XaIt5mEYrtuT82jL/tATHKHxgQytcbHcmIpOgCwvUVU=":{"valueMac":{"type":"Buffer","data":"RQ+kz3K8sY1xwK3HR8hRgvaXRjAXd0kXfhLY09TFGlQ="}},"XxTlwFL1J68E7Hf6CyQBSJQiISFyDwSwSY5tIMecpGk=":{"valueMac":{"type":"Buffer","data":"JqzUNSfbsnoPzsRVSjl300Q5C1sefTEhNjfuipz4EEI="}},"YCRFRVzQRxhLNyKjDRM2BEqwJSyxkTcJSJr0PGys69E=":{"valueMac":{"type":"Buffer","data":"x7moconsUQ9F10AcnMa3hi/h1JnbVm9nRS6ZuqOOjNM="}},"YFRwNq4bd2j1w5L0raJiIB/pCNY8t/QCinA6BPJhsjg=":{"valueMac":{"type":"Buffer","data":"bQ1XRBrp00KV9tQmThTwVcxt+FjhlrV//eG87Npf2XU="}},"YGFCesu43JhiVx61CGNjs/vBoli2lxTpcKvZISh9I+w=":{"valueMac":{"type":"Buffer","data":"gAUzF0aCRZ2YJaO/TBxFZUQWDIuk/spl1N3DF7KeIoE="}},"YjlhamkeaeoeohmdhM0Kh2K74MoamirQfc53VrZlxtg=":{"valueMac":{"type":"Buffer","data":"XZygNY4hzkRNtfOVEoZGckey26EVHOKXOhFkJ7DD9oE="}},"Y0zJldPxnGrD9CYIHbbvIy8u6RMJPA60al9gYjPteCA=":{"valueMac":{"type":"Buffer","data":"Xp1WxSi4STMEw3f406w2M1T7ufDoZacYrtRYrM3t3Hg="}},"Y75SrEs6HTmQBtvIBmO8YbhujB8MGAN2jx7t79rGXsU=":{"valueMac":{"type":"Buffer","data":"Pw6MbPYmC9xhjZyJFshEkjXMfZEi3gheHpyQ/nB3+Og="}},"ZNgI0AFVG3CjRPSCVqIcK5AkG89MbubdrxDbQ9wWQuw=":{"valueMac":{"type":"Buffer","data":"M97G+mEVlkotP7+t53mCunvYOJp7xxUjZpGMG2mHXrE="}},"ZZrLXtSW0ILI/C7ByTlmBHDeX0iC1ifd8uoi91sEtRc=":{"valueMac":{"type":"Buffer","data":"p2EDjA3BcEjHAw1S5XRrBPeHcpTT8BIE64VXpfdy7es="}},"ZfaljHg2GQsymrzDu7UwpyZVu8h9NdK+n7Os93PE6Zc=":{"valueMac":{"type":"Buffer","data":"H8ek3yVIBk4ikKVL0l/NGHAzlhnaHYL4/6wT8iTFAPk="}},"ZuHHbXG4SJMfHwmbVdbk7plsS7XxA+r1FuFAWGf5HIA=":{"valueMac":{"type":"Buffer","data":"2SMd4gsPeRlB3W0yzzTfhTWLtuyKhV5Y8Q1danCUSUw="}},"ZzBpdNTK00xw4m7g4QkTT+iea90TrTm+52i6LtNv2Dg=":{"valueMac":{"type":"Buffer","data":"qLd7TqekNX4sS8D1I0EqV1f28TXpjPsVx6gYk3O+WdY="}},"Z9pzFwIjb2RoiqeMQzt+wdeoNTkqt0aWn6lDfToqQrM=":{"valueMac":{"type":"Buffer","data":"i0OkTbXEThOPefomY8sJ9asTyMM9K/haFLpauUpaWdc="}},"aQZkRSaLyOb5/13Vvq0zTLASDyCzUfUjIn+dblpr5Z4=":{"valueMac":{"type":"Buffer","data":"jdRJ5441eB4aKI9UAt8IE1cA8S1GY0kJcsxMGyjIcbo="}},"aVKJAyO2fSVLrpEr43YL95SyY9Y3L9ehaPEMfS5+W+o=":{"valueMac":{"type":"Buffer","data":"/EGywstZkKhHyV8IzQW6wyxY0Koy/++L4/BaSA8qkC4="}},"ab0BSMElYUvtJZ0tPQ9iPHt5yZBpOlwnrPkEOihyAYU=":{"valueMac":{"type":"Buffer","data":"bqutlGrAa5c48JJAlcCIz7Vm9NgLRA2NrdAMmsPG4Bk="}},"aeV/H+3gW3MRTzyGZhrdBhbAC62A08BJascbTYfZfl4=":{"valueMac":{"type":"Buffer","data":"2GHZc022rYl/SOvb6DqqG4lkMEK+PT3Pg6tbRxxsrgs="}},"awbhDbP4x7Xx69MfDZaYg7mtydAZkrSmRUbNTZLYX14=":{"valueMac":{"type":"Buffer","data":"50pkwbaDUbp74O9kFhxO1dAFVQRn+YXAKKcgMme8Y/0="}},"ax6RTZXA9t+cxp6IUT043paH17Fx6wq9lFaTJ3ieEN4=":{"valueMac":{"type":"Buffer","data":"oLtqb1n9ncqGEkHiccO/d4mNIse2RcFdjOtORjPvOLE="}},"bPhcroRqFudox35pk2ZmCc29rFFH36WsViPEDssz9F4=":{"valueMac":{"type":"Buffer","data":"PmCjnD+Dw4EoYhF4CrShahO9GcTkTtcLTWBCRrJcqwM="}},"bylewnL7QzkemdZ7igH/pNhxyymZiTY2CvQDNJXkodI=":{"valueMac":{"type":"Buffer","data":"JANVvhIBHhYq75V8OcICgFR24FTVD/CGIkPVrpinkt8="}},"cOtAyjcGRxb+pqGpr2VkIgwGusSnLHhrTdmVO5kYJ0I=":{"valueMac":{"type":"Buffer","data":"WQYcIcxhUi7oAo3KxhFmc7OqzcDIQ04m0rYkAbTlFyE="}},"cPowxgE5THJK0juG5cEejjs1icZKtJUM+ZTsQajBO74=":{"valueMac":{"type":"Buffer","data":"ovsSAIp5DtR6s3/TkTXVSm2X4zyUOfEyBxxlvV6RP3Y="}},"c4vL87W0uYHt80basseyxlKqQTCWrgHDGAOK0N4S7Fc=":{"valueMac":{"type":"Buffer","data":"huF7HtM3T6wUC94vodaAL/YusPTkAbhNiWk/OfcNj6s="}},"dL0D+grML3d0yT33aqDGHIIfMy6yK7OZE8IrcWGPQXw=":{"valueMac":{"type":"Buffer","data":"ON8S6dMhLOWGE3tb02DCUaAO62vwgCS6d+URAk6WH8k="}},"dSxWC78Zt4gyL0+BKIOAhcN35iCTtcSHz5ypv/Jpyc0=":{"valueMac":{"type":"Buffer","data":"LISRdVmqtsaMfzQGxA5nUmUD7VC/kkgRJSosCRC1p8g="}},"dWAcKRaF49NkqenAo5jm2NxJQKNUQmVkCyNcUcxXb/s=":{"valueMac":{"type":"Buffer","data":"PzRNOaJXzf5w5PHBgZ0ejcC+VKTYOTlQoydbbhB6aFU="}},"du/2oJDkHRsMeh+0cH8oObQthqE/SQpM/ymqQO0kysM=":{"valueMac":{"type":"Buffer","data":"kVu3xjnvInPgURqziNsio6cjW+CYB1AokqI/h3u+9gk="}},"eFFiLNfhehcCKgRKoEfrrBH1czluUg8ZRvR/zsfacDQ=":{"valueMac":{"type":"Buffer","data":"Hr3AT/Q4NrA7xSbkfFUbQJnT7PnNwEPreGoWRrW6rMQ="}},"edCp4l24NpZFPkUIGWTAVCm2OSmKS2huanEwhMiRB3o=":{"valueMac":{"type":"Buffer","data":"AUoFuEkz+eZm/0B1aQ/GhmEoGTLZNn4YUeRb/mX9wsw="}},"fBQcJcptJBonFAdS0cb5dkZ3mgcMrBPvXwDgnp0zYeI=":{"valueMac":{"type":"Buffer","data":"+orv4aVUGJc66zb5G+MbyIfrnRjXzSXPo0A+6ZDlFBo="}},"fVbrf5mIGjSQOrUsMfFjsR4AFFl1AT0yR811S0wh+U4=":{"valueMac":{"type":"Buffer","data":"rAbmAH+einnOWtWhxS2wxxtVsqLx97VTE6v4TZe1COU="}},"fbc/w3xXMgmYWcMcG2rs723nMOKB/WyS2bDfkwcHgD0=":{"valueMac":{"type":"Buffer","data":"CcGOxEO/KfCo42J4FFNeVFmdH85BgDuL0mAeI7+ULZc="}},"fdzTtUKuhIB1/WGlbw8w76okMGpecu5HAMBAI9+vGv4=":{"valueMac":{"type":"Buffer","data":"RIBg3Iaxzmj3uzWrH+Bu1+0XdrzeUUfkeNr+UwbG56Q="}},"fpP927DuVdEf5eS3Sb+4IG25Tic3GNf6/bfNOuHBP+k=":{"valueMac":{"type":"Buffer","data":"ESbL6PWhlLLzVrb27T4Gp3IDuVV69tKddwnxXpUJ0DE="}},"fqoDdTpfXSKnto5l6g1Ae9U5rYDPPRJ2LGySytWLUuM=":{"valueMac":{"type":"Buffer","data":"ShgMMwUyyyiiut+UZLsHiadKevz2GV+rx9dW+HGdiio="}},"f5b+U6xG/eVpNvqZ535T+bsL2eQH4llIK5nlzn2PZUM=":{"valueMac":{"type":"Buffer","data":"K7GjoiKBc3lUyhU4m3uBru1E2lIU7XZ367kpsuBYB1o="}},"gR8lNom9QGi09r3zNhoZxEfv9dCa1TS/JqrlVS1pAKk=":{"valueMac":{"type":"Buffer","data":"XqlHNkW34tmhNq/q4iEAL+GfBVCQxsSXvaV3XccL9us="}},"g6RtW4y6QW84aT+j6GqXysa97RKA2gSmtJifeWN64RY=":{"valueMac":{"type":"Buffer","data":"VXfQDHd6ubHDpPlfnjuSucFNls/ZoAZnjaL7uqKSP5Y="}},"hQQhOAn3lqgAhe2NDbjX+U4XWhhEtxlymNJYcMC5aNI=":{"valueMac":{"type":"Buffer","data":"GBpCkUeR8wi0d58zAMlPTB6whN7r5u282BrRuqe7gq8="}},"iCQeu1+cllwxX5pLYLRfcpKFxUznJlxQ5sxD1aoada0=":{"valueMac":{"type":"Buffer","data":"84unLCoCZcnFOcrX+CirD/DFwmQlSCn/oSQ5Vf5x0KQ="}},"iD5T6GdBD8QrMPQ63SB9rf3CrVP/02wPjBCxvLk/LuE=":{"valueMac":{"type":"Buffer","data":"hlYfa6T4xGl4rH+OOHSURVgwkVOZhG7rWnzfmD5Y6O4="}},"ibl8T0lnsy70yghHY1UGeYjLEieQAS/G8Gj5YX4eMdI=":{"valueMac":{"type":"Buffer","data":"ju8mMPFqZWXyEpV58YMMueC5OU1vXKYUeHf1R2QK7NY="}},"imn2lst5gwLzVwghTgvI4VvSGWkygyMqHUVYVS3zAxU=":{"valueMac":{"type":"Buffer","data":"Vgs3je/O8ljib7lupY5ay4n4wbESdFzL3QwH870mqw8="}},"jQsfh4P58Mq+Sx02BgMZbLUKmNQ0BlsoNe2vKM1elCs=":{"valueMac":{"type":"Buffer","data":"q0UdOJutG7Ixw/Ggf5KfAYwKMTcdKoWQHbZor6+mI8U="}},"jYODyRHWZ8uFNX2JdBkMUrgYMLNU2eomfDYXj04C1zw=":{"valueMac":{"type":"Buffer","data":"81k9BqbeDZuHcieQcvOSF4sQu6AbChbRgc3exXz02ec="}},"juh3qRICClwjuItcOKhL/NuZ+mVnkrLjSjpLd9evcfQ=":{"valueMac":{"type":"Buffer","data":"gWb0K/8lv2fvFb15K9R8EuiF9fyel6Xn3SxXxJL0hiA="}},"jwdVVK3WgJBSviXxRa0fO9HD/ihU3K0xrVLkWIqFxzk=":{"valueMac":{"type":"Buffer","data":"ToyWZsWAT6qayYNzzrhk+e0SkFwL/WlDMvM1dzlSutg="}},"j/Z6vG5Hbm+yjp1qZe+newa13O8sZz9dzghfE9r7FK0=":{"valueMac":{"type":"Buffer","data":"4TcOTCZ0LlNcCKoABqdSTPUiio05rN9xdJW93pbn04E="}},"kHIlgdZJM6JKFMhE3OcX2a0eOM9xXq9FDekkvJkNczQ=":{"valueMac":{"type":"Buffer","data":"HEaKWOgP/ihtLfxwUV6kBb09ER/cXna9xcStrc/WRzc="}},"km0We7EOVtqC9bEQ4PaAec/T/Ue4UjybMzsQ8aqKpVU=":{"valueMac":{"type":"Buffer","data":"NyYRAHfal5i8P9qmwm8UZXuQgz81qrq2fdY83R0Jmpw="}},"kvsxr+40+NFLfohfRyuHE2oK9kBxAvILD4Pnof2cyrI=":{"valueMac":{"type":"Buffer","data":"bV+XNtVD9VLgv7d4UOnMoBv8N+GMLcKM3W9KfrpB4lo="}},"kycNdUXiRvwVT4u3MB4CL2AXBP7mXwynzubUPs29mwg=":{"valueMac":{"type":"Buffer","data":"ARPDnVazHjEyh7dj8yjHFlfmYKdonH1Hr+2NWyXsGuc="}},"k0YsOXx6o/jxFR3CEDYroPfHZn3sVVf4fPE0C5b64tE=":{"valueMac":{"type":"Buffer","data":"zX3PKQE0Yk4CfWWJ7iLc6OCQCEcAHNzpI79IKu4LLMI="}},"k4VxWym5343iN7X/QEpydDOey0INeVvutjpgYvplBco=":{"valueMac":{"type":"Buffer","data":"NOqQQwRy2NB5iKmFz4rEcXUmukMsTfe5XbGARvEhiq4="}},"k5NEDrNjfYCKC+JuC+pHMc5HJALxtLxGHbaa3RwLCVA=":{"valueMac":{"type":"Buffer","data":"6vRMkzHfrwnK16NCOY3XENzQ+UNFsM/NkC+CMUNIXGg="}},"lVONnwftuq9xRoIY5WCAKDSaAdKUoyRai1Lhokq+VPA=":{"valueMac":{"type":"Buffer","data":"yQW92hd4yhGKKytEoCfwsNnSuwXSJgcQlW/Kwe4NZ+A="}},"ld9goQ0jJe6Dp6oAfDX8Io1d0UzDQW927DgSNmOeWkQ=":{"valueMac":{"type":"Buffer","data":"KkQyd2RJ4DMfHen//pUyO3p2oXBf9mX2bC61CJBr8Gw="}},"l2E+F0rXURkrwbOg1rLMdB1zAyKoaiLDGDfsVXUb2ho=":{"valueMac":{"type":"Buffer","data":"iZOoS3voxKqriOMLOoAcE7wCbkFItq8y7KmRro/bpZo="}},"l4UtVPGFs+VIH1FynrAvYvW4AWjCuI+eY57cWSDW8ak=":{"valueMac":{"type":"Buffer","data":"S+6f/iP1I1rvWqOFC3SO8JMNJMGEDIlG6gfdZn5siNc="}},"mhg3RVbI45XzA49DVVsrOXwMumubT3w8vZYF78co7hg=":{"valueMac":{"type":"Buffer","data":"L7bvZt6njTiRf7ZBQdxcoHzVjbPvbTYOhG2qd7EmSso="}},"mi8OBadkWn4tDJYpm963K6fH3wpBUTBE2tS0Ww6LlQI=":{"valueMac":{"type":"Buffer","data":"wSkSFyEMc16G8Ovu5UrrCFI7J4RT0Z5otJhS5pW3aTk="}},"m7lWJO11A/f1BjCO7STH3g0d5DDvwqT6JcTFOHLS2gQ=":{"valueMac":{"type":"Buffer","data":"DJMuFD1LF452eeyAuqKa9Mry8uBbjflgnpho260GQQM="}},"nS7+UIFAMHbAj1UfMON3YLefPd7dm3qshJnYJYJ4q4E=":{"valueMac":{"type":"Buffer","data":"hx4KPfasVHB9J1Hv1lbv5E81KO91rML15fkMumUwTHw="}},"nUevx6b3X8tMVytI0oHkf/2rokZnZqn55/dZ/rd0sok=":{"valueMac":{"type":"Buffer","data":"nxJ2LdkNDPiUb7aAJlnUQ6KOLBx0Vr6VM5yCP0clbFU="}},"nouHDIjdqfNNsG3LfsxIobxNUX9wQktBDPRlhGw8/1Q=":{"valueMac":{"type":"Buffer","data":"lfFtqM1sEitTsh0Wn6tPyTRBpNs8beoVe1K3QH2OqdA="}},"nuN2vJi1B1YdImLi8qVCVb51UAMkyp+z6DV3E9BJ5dk=":{"valueMac":{"type":"Buffer","data":"1sDLMbRH0wf8YiHw8lxxRpNFkGX7WYzjiX4dpIoKdR0="}},"nxe/mqvICF+YQIzpK7gtrCopJlODvBLciC1SKCZH0Ew=":{"valueMac":{"type":"Buffer","data":"YAJRWALQinCWgIxo+8LH2xpxT6BHXf0rrbKaIyhBqU8="}},"nxlC73Me5jV7im7kLJZi3f5EkwXLV77lnPx6/2HOuYc=":{"valueMac":{"type":"Buffer","data":"UX3doqchp5/ZylYwBGnvvXk2W3FXx4/g31mDt9eBUq0="}},"n4izd4EiAcKvatSQIHPVYIL0cfyMiDf+yX5ppH2is/4=":{"valueMac":{"type":"Buffer","data":"Mjya5GrwE0EmLtwHfSLczpi8J8te/ny+wP9ag63BoqY="}},"oG3xQNfqbO4W0JXmKMWh2ycWaeRae1xDPbTTQBc4YGY=":{"valueMac":{"type":"Buffer","data":"gpIR+aoiPjDlceCSNYN2c5msbNH2Uf5MWXyjip16bfc="}},"oiVS3fo9qtqWNVC0a7dWG8wjftbSCXAFFwGqUM3ySDE=":{"valueMac":{"type":"Buffer","data":"YcF/omyKYYjk8txSrxlAauTlVSSL15LomoCNZnj8Zv0="}},"o2JLe69J7sNqQp9kRPmrucAcFoM1wCRWfGVypel/2MQ=":{"valueMac":{"type":"Buffer","data":"69qpOMBGqIxDBoRVs/KvdVMYw1dhgbANvwYXi84w9Ws="}},"o9nHeJQf98UXrBO+VPus/+om78QDMIoRBtHBKJ0lsh4=":{"valueMac":{"type":"Buffer","data":"EKyD7LLPZ5DvrymGo2uizBiO4WCSRDPVEs8WdZ91bqA="}},"o/MeR0im3ykEdJoIqAp+DQzjtFA0CI9nC9W7tpuja3o=":{"valueMac":{"type":"Buffer","data":"FYEx+VvGb45hR4+PPy9JRzWEeHF48TVKSBjiBV4SPFA="}},"pdFLVVXOJC91pDtD8sDJtupR2jKtyzVnmNh1BEh2g2Y=":{"valueMac":{"type":"Buffer","data":"VJlZ5Hm/iCZ77HxSyoTmSg88p8zH2YCqPDXdhiExARo="}},"peDEPV8MJ1jbGj/OZzZWqEWJaM+7sEi+p+a0Getri4k=":{"valueMac":{"type":"Buffer","data":"Ef7+yMau+BNnnc8pE/SP4J1wI9V9Q0Zixk8cWgMk8qg="}},"pwOE+dBSed6zA80eltRPJs05LT695Y+Jf+HmqHoEJaA=":{"valueMac":{"type":"Buffer","data":"hwrZBSLsQ6EUzh2by3otpV3919xK9hGFgjVCDyqTlao="}},"qBGqns7afOcA41JThMes/Y+StVKzVoR1n6IVljPcs4g=":{"valueMac":{"type":"Buffer","data":"QV5AkkGXRqJPVAsUCXWE9oYY6k2dgx+9D6CmmtEppis="}},"qIkdaLdbXS47xGwT+VMSaOL3M8GnJz9lgbaUQ/PeV6A=":{"valueMac":{"type":"Buffer","data":"+dBM8XPHW4MFJuASsd1yhn3wRwE4F4dyZfpvm41tzFA="}},"qW1HPOsC+GygUiOpf4xwW6Ats3qtwF1I9khW/k8Z0F4=":{"valueMac":{"type":"Buffer","data":"ufHCom6KqCmYk365r27igLJV9qwOrn2ecaukVS07C2Y="}},"qfhTAz+4Vwtmr7u5GEGDwfBlKiPlAvywFO+VDjlWSzM=":{"valueMac":{"type":"Buffer","data":"QtnxSuxGcApRy9q8dzGB2m7dnfQ4ULtbX2ZxYLzxMUU="}},"rBZK6Wedi8c84DYoJhCYDj/Yr4c0uSf9+2lisK2rCTc=":{"valueMac":{"type":"Buffer","data":"XwiSKODP3VotR6vtiZKBYqMaVFXmhm8YW8vnyRMGKG8="}},"rGOs3+AlLLQrx0GLYJAW//noanHCUguWKgCZ5mN9tAI=":{"valueMac":{"type":"Buffer","data":"6vJneRnSFUVx/n3Sh0DPUm6AL15LJW8fZW7GLepWnk4="}},"rS9j7yXysJAVqFwZmEMJGM8i9rnjeWzROmYFNZN3qUI=":{"valueMac":{"type":"Buffer","data":"1QBIjM7Z3vc3SpqCC4t68p67aLv3By2DyyV6gf1BU3I="}},"sD3Rfhdv9hbUW/4NkdhP15sSCDDOsI0KQ2XDn0SGwwA=":{"valueMac":{"type":"Buffer","data":"Cin5Q8n7JQxaGdoG1k+zKC8Vg+0nnKXn0bZmuo2LQs4="}},"sKGE497S4+OekSaE66uSkoWfddJqStWrTSNo/W6eoP8=":{"valueMac":{"type":"Buffer","data":"Mo0IRX/QlcRQBAnBXiXIuNqzwC0d/6kRFwhiQ3+dQWA="}},"sRiQ0nvhje88BR7RYNYaBvJWHCcBXISe2ZBVqWnlY+8=":{"valueMac":{"type":"Buffer","data":"AluqgopeeMyljpvQcokPIQ2tQy+3xXRyoIPIjDsKIxY="}},"scPCELKmDlZqrye4tsL/cNJ2+sebWCYokisibUO0LwM=":{"valueMac":{"type":"Buffer","data":"Nmvq+sQIAQ7ztO7C76FL+CbFLqB3w5MZ2Hk99RpWdAc="}},"sepLSWOXo0Ye1BljwmXZRv4x5aekcoX6WU0RSeUC/9w=":{"valueMac":{"type":"Buffer","data":"htvPfYAAEcXfkuwEuOcz2OCwNisIwA0Ak0+YZOsJ93I="}},"slveY1T0PqauSxAqDzdJvjQAX2RgT1mmUfKPm0oYGTQ=":{"valueMac":{"type":"Buffer","data":"RBb7d5HudZsUpxrgvFMvXvW6tQxy6vcHL2H+lMaItRk="}},"s5Gpi2OhWktMMX4uN6uOuervlgdRuIhsm+FPSflnctQ=":{"valueMac":{"type":"Buffer","data":"H4280fiYlATxkck9LK7XYo5muGetrXLkhSY+r9jGmmY="}},"s9OEfAQ4f6SAu6CbcoaGFVz9YIvI+cEdzFzkstY9yXs=":{"valueMac":{"type":"Buffer","data":"Jwoce4TNy/CtFIKuFCbY5QAsm6Zntn4IJb5qvpeENvs="}},"uAsyZdVLjszgBwwGV22QkFUFR7TTVrufGOlBH3GqXGw=":{"valueMac":{"type":"Buffer","data":"3zI8BCbfBGE5ZiliyEOJhoNnwrX6arX02gGinH0AG5g="}},"uD129KB07oWl0S+VvRenz76frELbn7BEI71dqxJoDCA=":{"valueMac":{"type":"Buffer","data":"NnPrcsFLMYJZH6dph+ZZwz7c5yjod4XdQtOI+YdvBwY="}},"uKbxpNl+n2qhjZWrjWBpdaGOrGYNSkJVhcVSchzsWmo=":{"valueMac":{"type":"Buffer","data":"LP7AGvQEN4jrh7fRFqTK0DGEaUFbFUJY5pR8anj8zug="}},"uQ3GkfjPjWGiX4O2AJk4q2uLQCvIq7hq0c6OFgca21E=":{"valueMac":{"type":"Buffer","data":"uxqSAYN+a3wNsD4dJ5P8seDsdvRR6bZMTMCzc2kar3U="}},"uhmPM/phRCJHyN4LRfsq2lZmdCAhNsN4BCp+ldo8BBM=":{"valueMac":{"type":"Buffer","data":"4xgGgsCJmLrk7BwmstRO9iimpL4niktEUnX6lEi3R7c="}},"uvzIUdUYL0X43JtF/z6ibkadYVdDOcOQtCrd55RDLHM=":{"valueMac":{"type":"Buffer","data":"RwFP6T0iwb0qpdMBXlbhAOaQRwa5DEo5m1nPmOG9Acw="}},"u92hHIu88qbk9Y9ef1KztXUoqZNnftnm9xv5W8AGI+E=":{"valueMac":{"type":"Buffer","data":"0jnnf3bfod5bYh1ZhKvui8ZaCxH5EsKbTkgnnx0Dkxo="}},"vIkXSwt9ha0PyCM9HHEzhVAgB3G5v6wC07g4MYwwZjs=":{"valueMac":{"type":"Buffer","data":"yPW0ZtOGSO/dzB0AwXD+KjwQjHauWmllsFKgA3N/7aM="}},"vKsr7ycNvWRqMeWDohoVaCylRCEVWowUmDESSXvFXSw=":{"valueMac":{"type":"Buffer","data":"l4HSTiHJPdEkBaoOG7s7v2KL4GRWi0KRrizsw48f2/c="}},"vNnd9BPKkT0rsKQi7Y+23F2oS3dS7WjSUeriAR/F9S0=":{"valueMac":{"type":"Buffer","data":"SyBFAI5X3b4eskgR5bvYb2753xdcI5lJoWXSgEqU5Ug="}},"vQVniE4z8entQP0q7aNhM7MgznDoci9PqObcgkbd9Ok=":{"valueMac":{"type":"Buffer","data":"XXjPIMtrTgnCWPrXSPfMRsZWIaUXynvx2jiNJtkloZc="}},"vQcYKb8ZIhdMi2RZFQM238e8YQjwUTC2tJche3GJf+Y=":{"valueMac":{"type":"Buffer","data":"6y/QBdm3sPcbeWfMDu2QGCLLzzKyNZW2J0NuujfR6Do="}},"vjE/C/A2Fe9WPHFgTdbQkSmFZjoxTjzgWBWUj/F84LU=":{"valueMac":{"type":"Buffer","data":"McNu1lj5h0Wvdut89tYl35REaYIeX1mU3mo8Ubjjqmk="}},"voAG7ksfJWmNMJgCXqa1prPbo/wm4qoM1nx+TozBciM=":{"valueMac":{"type":"Buffer","data":"SygGCaDwSI7dCF9XfjNcsbkyfmtEnM6gGlYz1sFKxAU="}},"vvFtfj8EIJAcUNn/2KJpo/fExK0LUSfi3dNjvORQNA8=":{"valueMac":{"type":"Buffer","data":"LRYAMjNhEKhxFJiAAVKbxMkRUBhL5r+rMqN6D6+vhoo="}},"wFEPaL3UWKAr4P9tQhcFe+t21ucqGvQstr63R4snFc8=":{"valueMac":{"type":"Buffer","data":"Kw2DKkTk70Dipfodb16QknjgWVy9TIUIxQZrPf750tk="}},"wtuRr4CAlZSIl5LSnKToEbmDQeJ/Qd97tv2uRb0SXKk=":{"valueMac":{"type":"Buffer","data":"oE539KzNPBCpkRrsja1wjh7DGO2HE+M93UnfHU4r5n8="}},"wuiwSHrVbxx8QIqdk6B2NpKqfyf7fZXOBgaYwdIBdGo=":{"valueMac":{"type":"Buffer","data":"BuY4mSsEThCxRZ0RSAq6VIzlazx5eigvh6OTdnxo4KQ="}},"x1xRkuDsIpDenPTgzXjzAHKQqBIXd0H2xFwfvXlJemM=":{"valueMac":{"type":"Buffer","data":"Jeq28nbuLpdOE5+U3HvlzhEdAsKAT4189uZoEE2EcDE="}},"x7TpN0cafj9L6sSj+g/8mVI1Q/whrgVbEVwWAo5tJx8=":{"valueMac":{"type":"Buffer","data":"Zyq24NhZxZG9DzNnyHOK4Mc3RPYZZuTrENpGdb8Fkds="}},"yNMYCjV1vKmeAbVahPaaU7wkX03v3FSIafiIdylU4DA=":{"valueMac":{"type":"Buffer","data":"+bevFo4lKThiwQtmMAdz3ibWy+6Qm6L4k8umbWJIIX4="}},"yfI3gjXJFKqwkO8PYg8tteruLhPSQpL+AwkSOWCtjoA=":{"valueMac":{"type":"Buffer","data":"tOBYCXuwlNGeTbXWs1sycHW84NasPRGDMfuB2++4vYs="}},"ym7IJmpVt5t6omtVvp5BG2cA83/JBLTEIGvOkJr8ueE=":{"valueMac":{"type":"Buffer","data":"08XoPMWEservi9e0pawEVCzurlzL5DdDX5g5APkSwV0="}},"ysIg0PmxrgA9WOABGWCGWY64ImQD31FME1cpGQODScM=":{"valueMac":{"type":"Buffer","data":"P3eIxX7wNU1yb/KPuTGpq6L/ot02vDeK1FUntVrroWE="}},"ysjGzLrUU9zEGPyiFJXyCHcpv0wIZ0w6t8pSUFEWO9w=":{"valueMac":{"type":"Buffer","data":"Z28Y0JZAHGVeYEDKCPb84EIK3qgGAo+fQcixPSyL+Do="}},"yxSFJdcttXpmY1Lnfum/4bnZ2lMrS0wN6K7nU3PdPUc=":{"valueMac":{"type":"Buffer","data":"U+nXSw23LbtmjwL/HIgXQ9WsZmhnp0Rfj1xfwKdVuq0="}},"y5EwYCAxAxNCFzuVRkRH4+VtqD7rrdeoI5moAFrKnPw=":{"valueMac":{"type":"Buffer","data":"CW6cWkP0LNokjvz0hIj7dflS+xJcBCRfLfjZIdohfw0="}},"zGRx1y4EsS8s1WwlfiphU8WOiclxvMhZudLCGrxQDTw=":{"valueMac":{"type":"Buffer","data":"+yJ887G+l75dMiceYvE2gHKLFGP7+fvhLFFDNoNKck4="}},"zZmC7HYDaV9F+BHsNnTMnVgDApByiS5SYp23cLNsKKQ=":{"valueMac":{"type":"Buffer","data":"QUCB6qY9c3grGL4JE/tw101g4/2IOUg2rEi5DyD8Wnk="}},"zf7TM2VAv16jBtDgO3KXk9BsiqL0fWwoygYeqnSCWYs=":{"valueMac":{"type":"Buffer","data":"x2zrLsUfK7nIsCCxJUN8UTz2J7w+tZBpa/Z16jiiKVg="}},"zm6Sx27/DkCq+H03x6rY4xrfq8ldjrU6Jet3Gaf4KZQ=":{"valueMac":{"type":"Buffer","data":"4gAzO5OzNfhy+Mn2c3K43dJDsgQRrtDL1U9V2h/yda8="}},"z9nEv3uK/EnXdAin/kcVPoK4cmc9haiKOyBNMBEIa04=":{"valueMac":{"type":"Buffer","data":"Aw0lZPuN8+Xr57LzrjSLfwFII44jIrGqLNTyxS2xnic="}},"0BGZ89Z/7NOmI9N4CtDj/MwQ8xB5vSCJH4L4iAozR0k=":{"valueMac":{"type":"Buffer","data":"xtL6bowobtM+rPg+On0X94JC8YjMBECFTh0+SaA4m7g="}},"0RGH+DiguvdgkM0e2Op4CEFY4L9DyJK3YOSXRzIXhzE=":{"valueMac":{"type":"Buffer","data":"1+Wu9aJ65aF00xNzs1uYN7kJxJNYlngKPiuH7A336ts="}},"0ZZkp5oSYJgt3oAXoI8WfpVToG1Ki6OV2IuWAzhpV4Y=":{"valueMac":{"type":"Buffer","data":"JLmwYGGo3QYIBsnuU9pNe3saMK0LBt5UG3iqCByiWLo="}},"0cCa+NuF/ALad23t9nYDnOBdO7vhgUFl6iNWotNhzFA=":{"valueMac":{"type":"Buffer","data":"AYggYsTaHKMMfBTtXVDCUBPuatzUKQAixePCnO70B9o="}},"1bcdPOR55k16y2gKMJJj/piaDM5yC9ysUmsq2JvWZe0=":{"valueMac":{"type":"Buffer","data":"LQABc3xnaqrBqfI8ntdDAOArWX89u+9RhTfmtuzqBmU="}},"1dp3NiKAkktBan5YyAZYO4ih1HVD524yanjZ38xBDHg=":{"valueMac":{"type":"Buffer","data":"bgiDB+RYibpbgZ5c60sWyX7Ay5Su9LyLg/VQyTRdJGA="}},"1vR3yxLJ2lsqQyw8nY7zsDWpc52IHtEouM0rtMukmio=":{"valueMac":{"type":"Buffer","data":"3R8J8I2bPZR/iKP0cCtUCoqm/dsYuTl+BfIDWws71uo="}},"1v6ntJn8sBk38/ZSWpB8pC9Tt1Vm1N2xiZ9rs1XejbM=":{"valueMac":{"type":"Buffer","data":"XCnTKnJR+SRRiWOxPapD3w1VZDQWPIuysy6zZY9+YIw="}},"1y3mt9K4KV0XaFH/Mpak90lYW0naZ82FuImr4vmwp4k=":{"valueMac":{"type":"Buffer","data":"8XT3ovH3RZse6vPVIoJOwYYsFQgLqg6tcEOdJFFeJlA="}},"15b2ObB9AJVhB1FQ/+54m8lpcJRfX6rONMGaZFNaSc8=":{"valueMac":{"type":"Buffer","data":"A+3Ftlwydi8eV57vbgMMiOd9uDsaUjTh3aAk6qh/LDA="}},"2OG2bJpQCEY3MewsRKMx/9XjUrw8k/HSveIX2KQRAIo=":{"valueMac":{"type":"Buffer","data":"p2wy87qgJSuWCj2yW7R8k1vhfN09FJHts6Oubtdxnuw="}},"2OLw56oDInJs5VywBEuFoEdkvP0paluZ9gUFA/KpHy0=":{"valueMac":{"type":"Buffer","data":"PNs6yo7DQxGRq2IGHTV9MGW8L91yiS2SmPQ012WqhB4="}},"2abGjVdBJtYPR0/F3a66vR1XwF+0Vys1UwCS1chYLfg=":{"valueMac":{"type":"Buffer","data":"kuneFnlHTC798zVW+csSC+DViFWKx+5gx+i8tJ85i8o="}},"2ad/xxfJ3zXJQezIHeBC96/xeH59S2Ze+1n/VdCTx+0=":{"valueMac":{"type":"Buffer","data":"Xq3Efbrv70uwwD4kI6zU6CK4roKlkJb8/J83QgoOpNY="}},"2nCEfE58ZYHbjHlZIjvtpQgMODsSQ7B+OYmkhKP73xQ=":{"valueMac":{"type":"Buffer","data":"RSXQJSLgQfedoM61G8Dqzef37Sozu0KANUgm+TdvcO8="}},"2yLow6WRLHiuysTAwN+WROpFq7gJqs/aF9MTnJ2JYBw=":{"valueMac":{"type":"Buffer","data":"Hr2GCtf5S0bTX0DHZrXxhIJFy86TwAkjPDML8gizv4A="}},"3BgwaSyVfKYAggEz37vkHvwXpSgSwDZ8nFEmoqPCgDY=":{"valueMac":{"type":"Buffer","data":"+G51LW2l4PhP+S/DHyed7B68E8PTm4ArCmmDSKh6gBQ="}},"3Hz8FjQiVOD7QAXwF2dVgvES4KaDjTC5Ku3acGtdgkQ=":{"valueMac":{"type":"Buffer","data":"YqfN1XMPDxA73q1Q/bcEtf5ozPb+WZMuGD/JGhC5a88="}},"3LtKtO3EhfRBr6UYHxZwkcuXEfrKUtr8lvLNci0A5zY=":{"valueMac":{"type":"Buffer","data":"jvr1aheaLaeu96jB9D163tCY7wAgT7UDgH1pE3XNAJk="}},"3ucA5tdM9SgispjRS6ONNNzLuxkRUdWU4SK5EkQakYY=":{"valueMac":{"type":"Buffer","data":"DKgFOiv3B8eq2KPYhRlfJfRZsczcaDPowX1DrCm8gC8="}},"4emP/tjnBqj4JnwLXXynymtuRW7jC8HiuHmSVIxIWhY=":{"valueMac":{"type":"Buffer","data":"ISnnZEgpdnkJvEvQKnhvelgkWv8oaM8JfLtPPhCPe50="}},"4o8cxbgh4yL3NUrNYDWXA9Q0muflk8j5ymmLUwLb1pE=":{"valueMac":{"type":"Buffer","data":"cx7V/L9UBrjEn0b1iWc+ehaMgSUUo7DH3HANCkbBhrA="}},"5FLebUOUug3WSDFRLdKjUApGFptW+/P7ULiVIK0R80o=":{"valueMac":{"type":"Buffer","data":"kYy9YGt6SYU/PepihmEk7rgTVaSj6meEi+FZbfAdhcs="}},"5LOZ7hnLAFzt7mJtoMDPKJtMZIUpuBMGG7Y/xJ3GvrM=":{"valueMac":{"type":"Buffer","data":"cuDbVeL24XzVwbmHNnk2KJMVrfiZlh2JDF+lRbngIdk="}},"5TdT5rUvPIV+2o+13b6x6LeB8UCkks/0BEH1dNhPFo0=":{"valueMac":{"type":"Buffer","data":"K5vkj/Lv7aBEuqWQkJKrfZd/3C5XAzaI72myFPPBc+M="}},"5eaO42SINVpCw7PpqP6I3XfjfUfmVHpr1JqW5VoA5Ok=":{"valueMac":{"type":"Buffer","data":"w5G/GDfiQEu4Db3gsVkChckCnfCcZCtr0XF9EB9B/qY="}},"5wdziX/3ZiX78TCoXLfLF7mhn/kITOxJy8Qxu1zTGno=":{"valueMac":{"type":"Buffer","data":"McVCf7QCqw2/dR3MYK6uELVRbKcfI42ejDELhrbEkQ0="}},"5zyGo539XIIik+e/Vu4V/zYvdS8uSehHW0n48skGILg=":{"valueMac":{"type":"Buffer","data":"w7kyO/d9k203OO4wfmyNjSttzUy7D/ycSBOHGLBBBoA="}},"6CFbArbOMs+JbZEN/vgNivuA5yhMezT1v4r1riDR1PQ=":{"valueMac":{"type":"Buffer","data":"yitVm/6AlgZeDX0vnPaQLSqofQnHmHWzaAWwRazIOv0="}},"6Ew5MYLuc98pFGVN1XjVtImwlpSFqTZtcDp0d8n58r0=":{"valueMac":{"type":"Buffer","data":"mTVVFhLa1IXJvx5a//a3yjnaIzQddv9QGQFyfRC1Z6k="}},"6YAZzENuP7th12RrEuG8s/zzMLEqK8HAPkZK4e5+euQ=":{"valueMac":{"type":"Buffer","data":"/fwS4FByiDJw8vFZ7w5/iF6L6ywinqzaVlaKjcPyXWQ="}},"6Zbtwezmd6REWxoeKtLaQ4k08SJZAb83w4Mj3D+/9WI=":{"valueMac":{"type":"Buffer","data":"3hUpEgaJo4Q8OeIU2p882pH4Z3njXVaHqoyUGNdTvos="}},"6akBEK32tIE+VhoEHaOdsgxLvh6eW5Zx9VWVD3ouluI=":{"valueMac":{"type":"Buffer","data":"XEmbgmBpSR2bHFIqoSShnYAMfBqoBRsyLJRZUHdOcX0="}},"6dW6OgAVp0YNSELve1jaJMTwHXxuin3AAkU7RM9rA14=":{"valueMac":{"type":"Buffer","data":"G5KoYRp8xKQZSo4cfII7kAI5clrO+HrGPHzdTNXTz48="}},"64qNz13wVl86Te5P5JVTXSAGE8uqV5MQGS2gxaZA7tM=":{"valueMac":{"type":"Buffer","data":"7Vzw9kPY/sdRt/IVhZhv3BVkHBLUEiLAs5MAFqnYLzA="}},"6/b5qFYgYeRAoqR+DTEZQzwqm1nC4SWTN3N20gcCtJo=":{"valueMac":{"type":"Buffer","data":"j+90gfYtuJXfLtdB2sMmyDwdS81mEK3uk+s0pwSwi18="}},"7Aq+l9y+p/XR4YJDVunq21G33RsMsM7u7HtxvTVlhzY=":{"valueMac":{"type":"Buffer","data":"VwrCeo5Wk7SLC8TYv8EtwB3nabIgJouLKHD4qKMZTHQ="}},"7IdJqqB13tRC+h/q2LrHgxQ9laQ2zNeItV3LzMloCEI=":{"valueMac":{"type":"Buffer","data":"f9KlLoPpH2uoH2/8NnN3wbFtriswt+4IPKG+6MI2RK4="}},"7Jsg9PbjxvICFojZHUjq9WXD1HpCo9A6X1x5UhXLg9M=":{"valueMac":{"type":"Buffer","data":"WETCwsXURF4snnyQ9reB9PWdzgSYq53fkZFQDnHbrVM="}},"7N+XgdMCVvxN5msszJubgMAZjk64I3WzSlmgfjsGF8M=":{"valueMac":{"type":"Buffer","data":"iUbeJRAf0mbnSDl4tHm2JS0e1kd6Eb2pWegIxZzL+84="}},"7cPl+suWz3znO2Tkorq6ia7ccPFt6Z2z5CVJLx7ndcM=":{"valueMac":{"type":"Buffer","data":"lvmxSEQGlF7u9RbOviKWNj/lhfnyrYbd3gSCSEqfr+s="}},"7fg/JLJcFMLMU3lK5HsshszQBF0X9OIwSn5XMmQ6GO8=":{"valueMac":{"type":"Buffer","data":"7+C4taiZRxOitjo+M2tn0v73QQqTjZnNbq6PTCQ62o8="}},"7pbNH22riNxjlt1AVN0aerLva5Fk0DmarfdHUJXpVW0=":{"valueMac":{"type":"Buffer","data":"k+Tj/X5SZYAUtSaXGUBSpoWDb/l+kqT89/7WTDbkiRk="}},"7p++s8Jpd1ynYz1zowwU+V6ZujUf0tw0O1f9jO/xXXw=":{"valueMac":{"type":"Buffer","data":"oLad9iMW5HdGNuiaQGgZUVFmkEOI//dkGmQ+rbumu/A="}},"8bTP+DrL5W9/XfTkBoz8JbdqCbwm1FuCH6YkEeCScvM=":{"valueMac":{"type":"Buffer","data":"pz2xFiAyQnTegXOlWypvgrLZKqYNTNMDggjWjrxoIto="}},"8gQCUUveLN4aYZ4moKC4LbSt2MTxlxBpq3zqj1tM0po=":{"valueMac":{"type":"Buffer","data":"uQgKcihkkubrZM2/Ktq71TZ5R206iajiyypkXsT45LE="}},"8g8rzbJX9wnUni8em66gxtR9XQDeWC568LvdkT7uPWI=":{"valueMac":{"type":"Buffer","data":"MrqmZ2MLTXP4fN1cVni16/pTiqkEINYN1JdRpPrVzjw="}},"8hm/BXjVpPtddt7q8FYeaf9jFERwQpSk+fTiUDgC/Do=":{"valueMac":{"type":"Buffer","data":"dR5ffoddVeKA82qkPL9JK/R8iOWl7PI8aTamzHwDCUw="}},"8t0GyMQtB4nlCoBf/SpTBSOCCOxksd1SoZWjYoRx9UY=":{"valueMac":{"type":"Buffer","data":"fc/MkrQe3cDbOBq3FiZ+usITYaoLuqDzolL8CWD4qfg="}},"8w6LyPu+F7yeMY2kQhn8wHbBupL9pmtKJjNCkiw5reM=":{"valueMac":{"type":"Buffer","data":"h4qO1uVshbAyH9SJJcx2UKopg/pB5/XQA83X++QQ+ig="}},"9AMTyZEPPBbGOncc+sFMI70bVnGw38Wd/wMO3jVtWec=":{"valueMac":{"type":"Buffer","data":"TKaQBBAaFDGMhGT7i+g9WGn8yCPTYG44S8+RgQpbEls="}},"9KmFCFEjd0iWe78DEMllIq1mIObxs6lN7Jm06qcOs84=":{"valueMac":{"type":"Buffer","data":"G6QEPkTslwjcftyUk9lEw3rHUI8H938G/s7yIoRRPM0="}},"9YzQ3gfNkDd+Ck1XUtzkw6vx1KYZRzZ1SFUcaKao8js=":{"valueMac":{"type":"Buffer","data":"KWJzMOMeHlfFbWbRNLJyKj+2AF2bPyXBd0w5jX8A3Xg="}},"9yak+IRotD2MQV6aNILU4BvkdK7QUHxBXjLlpzH8mEk=":{"valueMac":{"type":"Buffer","data":"LoPZEi4iynFpRk5lypuNEAwGpvAHzGjpSsc+jZfVSUE="}},"95eW7VXMuhMaGGwanBHoRrx2Oek9XeF9Z9Ymb3YcVVc=":{"valueMac":{"type":"Buffer","data":"T06eFHflIYBpdO8E/M03evrRiCl1ZTUcazBVh7nNzWk="}},"+A/AS4B25/Y0DISDx54aQjLU7kLgvYkizTPFNpHFckA=":{"valueMac":{"type":"Buffer","data":"Y7ip7kKvdwXDXVR7k6KDzizBWGj5xCswMPOYKXRqPAE="}},"+FCg+kC6E8jjpxWYwqtDzX05atfuQ47iNUKLbTXeIJ4=":{"valueMac":{"type":"Buffer","data":"IrALtBJFM4hEbl5/4+/0OvdKEVdQ9D/EJWZ1rUBiVbg="}},"+S6KrEA2YW9aSUx6i38UEJRz9N/OWi8BzK58ujtUk0U=":{"valueMac":{"type":"Buffer","data":"uyEjHN5x7i1w/wlwvihiiPr6L24RoY3zrRi2vFhfeJg="}},"+VsE4LXyTorRhDkHFc6JsFH5F7+aFHeWPuQxnn9mxHY=":{"valueMac":{"type":"Buffer","data":"dflHjQmbO53S+Y0D+paUNAdHtNW8U7fUsdwB/mv7tlY="}},"+cjvMKg+koeEJ3ChqA7NhT9GOGGC6b4P3Zb9c+xf5LM=":{"valueMac":{"type":"Buffer","data":"kuiIkAS657nzYSqdUDThj7TXETPNqZaAilbuQ4+DgrE="}},"+rrHPfq0HEdSkoArT2lKdjYzXTM0HnDgsWcXlZ3R3xw=":{"valueMac":{"type":"Buffer","data":"sVSqt3lZrVj5/VDLPUQzwtHbZEgKiPt1JRMGNTdm4XM="}},"+ukzCslgan34qaiXeRZrqaJjj7pcQiV7kfli9OxPLQI=":{"valueMac":{"type":"Buffer","data":"gDFMGnJ/G163qK+qiKQJzDHOawoytJNabw6GW/eLTDo="}},"/Ou3QZidJlbeGvqeqY2Y1zakymXu4m7t+LlDTflH5qI=":{"valueMac":{"type":"Buffer","data":"SXDl0z0XB8CM3RaU/7djL8/ZrYYnPuNUC70mMgoXtpc="}},"/R16heeYJj4I6yyXNId06ya1Gc+rRw1nDmw/Cnz5J4Y=":{"valueMac":{"type":"Buffer","data":"nTP8L+X406X7AR6CTwsZZgaXp2I37LD27KrmuPoL9Tg="}},"/TUjZ022a4anzmh6s2YinaAx7p2Mg3lzq6hPhHWH9x0=":{"valueMac":{"type":"Buffer","data":"u1Ro2s7GUIihEHm1+rDR5JBj+/MIN++/4ptF6HrsfMc="}},"/l0jBTHAsNNlylwVx0Z73AoIoF4PnMP4PuId2KFK96M=":{"valueMac":{"type":"Buffer","data":"9J5rwWWbP1+eRtCgkcOlGGwG9fvFWZEMHgMucYy5XPs="}},"/tRYrCIAMeZvxEcK9sAZMcRz/35D+sJPZU9F1pDqQl8=":{"valueMac":{"type":"Buffer","data":"oB2XKNGMRXI/i76uwpgwKJnS6rdxzeidqWfYkQsbmfw="}},"6HVeuusbONUFZ94XZOXh1Z14kJVO7HXRbHqQKBRhy38=":{"valueMac":{"type":"Buffer","data":"oU4Ndnmz8gEzqEQwNPV0BJDpV5SJCl/KS6U21Bbybn8="}}}}