{"version":6,"hash":{"type":"Buffer","data":"YBl9r+K5J2P3OXMy/JcUL+nbBQB5zlnJg8FSP15ZOpP3Abix1S5lBuyHKOQuyiRNxjb+Sjudo26hdHaQE5Ok7SakHBfguxuQwiLN5ysWXIIi+6G72SrjV3/XzWrnrvNs5SnK2pBpJusnbtyAAl/x5Ri8q4k0wG9FZ2zc7x39blY="},"indexValueMap":{"DJDEL3l5v92FiflGIWag2Vad6fVXF+V/hNnWJdnHSJ8=":{"valueMac":{"type":"Buffer","data":"yo1vpsTtqSwjQcCWzTWOA8YIoUNtr/xHcDjHB30yR58="}},"VG7aB1MkxSBh0tiz2X/i1HDUfUzk6H67ghoFa7yWbAY=":{"valueMac":{"type":"Buffer","data":"yJzQRUCGWZUNiXoaEaSR9xDWUzuxgNx9lvafp5mOC4c="}},"egY+70L3o0lvb11cEGS1qw3pcG9GJPJkPo5P7Gcl81c=":{"valueMac":{"type":"Buffer","data":"vTN8vDJL+jqT6IAKfMxmNxFLJsrzynBIp40gZZqC0xM="}},"gMm/BAU7Pdb/9WApdr8j90BxX1jwJAvlv2Etu14LOOU=":{"valueMac":{"type":"Buffer","data":"8XWC3ckXCybmvY0xtrPWsZwrDsMJATcKpvCgVztoEP0="}},"hEa8xq30nPdHQnYhq9yYOxoo0YSaUaQd6zoEM4rYDmI=":{"valueMac":{"type":"Buffer","data":"5ykT5ZNcUb3dJGkyFxdRPfsK6T4ypzw3bvLjv93t1E0="}},"idJ4rkqnVXOZ67ADSMKmrj7rS8PqaxoBmmefLgvjwRo=":{"valueMac":{"type":"Buffer","data":"ewm8LLTjsHfY2N0qUaA6iYWdbpR5jDk/xmRkAHUBgyM="}},"uXUTbGp/+fqOm4sDPts+W2owsFFMZSyqbRmtOO6l8pI=":{"valueMac":{"type":"Buffer","data":"dBIvc4UB8yZrI3/6Mcci8R0UcPhFY6TeoW4V/lhXyjU="}},"8k2EylHDcy1To/jcEf0cB9NBFJpQwe8+XzUYAI0bw60=":{"valueMac":{"type":"Buffer","data":"PHLHQL/PEV/2C6Pvexzu85KTgo1y4/GPzbeX0taO+3k="}},"rtC1m3dFNkMgceeKjeV6iKE3Og86mUu5OkdU17UyqKY=":{"valueMac":{"type":"Buffer","data":"jc2vLRuGx30QvJyFJZ6ffPD/xO0jXj63k+5IegKzFLk="}},"kGmUF7l6CoAX55xrj2fnEDeMW6mya718G5L3K4JyvdI=":{"valueMac":{"type":"Buffer","data":"CEf7VL4UQa4QvyPtLwoEKJRSXZbI9TnEOwR1XQgL8rI="}}}}