{"version":17,"hash":{"type":"Buffer","data":"CJltV2/lfbgNHdZxkqfz6uQzKKDkfRJHAZjLA2EWu71neAWYJvIjqOhIkGLBkff80+R0fsv5sowaeMiUAVBcLURPobtM+ti8qS4Ctesd+yg6up6NawF95TbkVVP1jxFDiYlrkOApXpGzxQLDVmNvbRatYyu48ncWL9D3aSGKkfI="},"indexValueMap":{"AJNX9FPMM3jcdouBq8zgIjmrVjML8cibtgCNDVoJrxI=":{"valueMac":{"type":"Buffer","data":"f7MaeFak7WDwq2G8abTPtxq3NkAsqMQXDZrhpwBMcqc="}},"ARMogdkk7Sxn8gZar0lM8iarrHWEqbiwkCTbIzllsIM=":{"valueMac":{"type":"Buffer","data":"RZgWYCyliYh3d/Bpw4/IuWODWahkgk0jgUBvYCrfChw="}},"AhLa98W1usrWIKGbGOGO1Zrp+Yb219UDX8T7iTOmd/0=":{"valueMac":{"type":"Buffer","data":"7z6srDal1ENFUhYEoxeK9CGirzztzyrhBGKBOxfhi4Q="}},"A2NgpoXjlz8MReYmkyzdT0nMzWhCpCoUpY5c43GoKV8=":{"valueMac":{"type":"Buffer","data":"VxpX4uBaPUpsGcVQTyfx3Z54n2iI2gr7ZIgBfaiguQc="}},"A5sH50oRQf9HfPDbJKI/hsv1X8bGBS+Q/COWc2JUjhc=":{"valueMac":{"type":"Buffer","data":"XvuRsjIsis0lbisAlkFiSXKzpiJ6uiolTJ3ZnPRDdtI="}},"BTkxg7cWWUGS695mFFLqYM0Cw11lOZgunj3nqwEp8bI=":{"valueMac":{"type":"Buffer","data":"j5I+nkq6IvT0m6nuueJPtIDhk6+8TQbHZon9RXnqtHA="}},"BXHBL2IBcged+wWQnMxE9AEjaDeE5TXq7Btz/rZh3j8=":{"valueMac":{"type":"Buffer","data":"KUr4wu08PlTxKcc37MVFc+r24MlR3SpCIDcy1PhkRtE="}},"BsZ2LQwdbEZxEOVIMYn/oNIHzOqsEzjtFRC15nA//Bc=":{"valueMac":{"type":"Buffer","data":"iT25vc9eBXcNSji9n/8ARKnuaL/ejY3uhKf6w8I97Fc="}},"Bu1Ulu8gg/5uApTN4U3r+2KvG8LndkAEBDhR8uswzP8=":{"valueMac":{"type":"Buffer","data":"JCfN3FrD1L0HMd7GbK0D0L5Q5VRLj6xJekSLy1ImL8Y="}},"B7ych7ZS2Hh7QrndtOyvh/Sk2YwpfQWn9W1/ZJTbJYI=":{"valueMac":{"type":"Buffer","data":"Zm9wVwErgH6v4a4vyit4yqrHZvHCZngjZYObEuwmC6w="}},"CAQqccFqF4lnXDjikzXlV21Vi0OSQxw8jIBstawAnaY=":{"valueMac":{"type":"Buffer","data":"PUIN6mjkt7BfzxR1KtQPoJMnDU6And25c1Ox0mNlgoU="}},"CsJ6EfYJ12/O4rcBtHm3RarN6d9Yplqf1PeXZu3XNdg=":{"valueMac":{"type":"Buffer","data":"NqY4Ao+OVD6qUIaJuM/moBSQ/vlGksL0cMMN9kmNuTM="}},"C4eD8CDNK1yLFTpgJekNHwehShK01oBjd5YpPZtB3AE=":{"valueMac":{"type":"Buffer","data":"nAJHdHpOH8xcNibgbF9Cm/F9D1P8YfHTodpEJJino78="}},"C7mZzAfNql2cf3RoWzUH4Q7yq11Li09xAI/KsNJgMMM=":{"valueMac":{"type":"Buffer","data":"FDOPcH6IVnP4MMA8tb/uN2+5uTSe4QHc3aUZvNUnRCo="}},"DHx7mGa3naaLXJQzlp+DU+9RJ8B2E8WlO8echCXUIPI=":{"valueMac":{"type":"Buffer","data":"raGmvia860gTyY9Kste6UqLJbGL1GFBdCgPhxTkP29I="}},"DR3xv0+TBJg5uu5ERUnSdluPA6G6t8CecrjPTk0rxi8=":{"valueMac":{"type":"Buffer","data":"4hyW3zqPxsV50mc4a6aIjP8rrM1suLu2rOQlNk3zakc="}},"DczPZMcot8rd/NgR0NpSAVw/e+0Xr4z7o7hoyZIvC7s=":{"valueMac":{"type":"Buffer","data":"mMKcrU+8nBZNSKMIpvAjbCOQKHFITNaO5fcyWyG/Epw="}},"Dwnnmg1F3Dp21DXzxnjKu0ompvaP/t4NkT11VyRSmHo=":{"valueMac":{"type":"Buffer","data":"qqO6uuqJjQCHp7ubUz9FJppfxcPCRLGi6UG0mmU/Zuw="}},"EKR7vqn+Th6ABlS/K8DaZjFphlgQ7kH43KEZiRozw1E=":{"valueMac":{"type":"Buffer","data":"o0LjALqEGrua4dIA6GpdPfQTkCGYsnyEAgay8evTVFA="}},"EMM9D8tSjlRMM96P94E+XB15XLVgLDCmrLSJqPcbuYg=":{"valueMac":{"type":"Buffer","data":"d3UqqbR1TBHDce2FQx3h/o9F1lf1tMyiEWAsdeU19IE="}},"ENpHWYDzgOc9h1XGni0N626CWsS/0Z/oc2zw7bpzjtM=":{"valueMac":{"type":"Buffer","data":"4c+JzdTUEO5qw1odt+2XMWaNsY4PGiD/MbZwf31Ghk0="}},"EQ+tJT86vMsJ6J40ZiwjdBRo84GV+szyNnxIuarHR7U=":{"valueMac":{"type":"Buffer","data":"U1xurZ2X+MKB5nE7bY7xIMAg2meIA/XbFg+8HghK8CU="}},"ES1QVZpKxmymw3l6pEJ9kpTsiMZIMw/8e9KryC+nH74=":{"valueMac":{"type":"Buffer","data":"JRIlAXkmRYYCPnpJvkXkY+27M4r68G6sZakDCvVob/M="}},"ET8zIs7UKnslBiO3NVfITorPSdEF6ZA8945S++4LVqU=":{"valueMac":{"type":"Buffer","data":"6R9VSK2Q83/Cr/WEwGc0Zwu/SVHqc89b9Xv+t4Zs24o="}},"EfQ/dRdj1yKaCE1wM5/nYLUIqk2BUVMYFN1DS5N68pU=":{"valueMac":{"type":"Buffer","data":"UG5vtOxIyeNWcnDOpJqTDfYINHrCBGgJKO3nIdV+dtU="}},"ElencFxbCHY1BVruYM50T8waYVBajkOGHI0+8DlcdH8=":{"valueMac":{"type":"Buffer","data":"Hr/jjE8w9yZAmiZ3U5m6xtkK7SfGnHqiAwVqi/6rB7g="}},"Er5A/lE4a2iHjSnCclltkikF2GA0RqIJxTtxp6oMn0w=":{"valueMac":{"type":"Buffer","data":"XkJGichoIV/Dz8aukl/Z8ORpTY0p9jxoz0RToUhQWRg="}},"ExTu+7ZDjzL7W5LNe73i1AKOSSyql79QMviNWgkQ5/w=":{"valueMac":{"type":"Buffer","data":"UorVFLjs4xi+K6Qt0JioUsh/d1dJ9rwep3NM4vGtl9I="}},"E1IBVSZlvzLMBBe7JJnRRFlY2RCmZ3IZ1UaL9j1nwUM=":{"valueMac":{"type":"Buffer","data":"dpggmnOFXEU/MXr/gtnmfS5G91rcWrZFD/Y+bzVBHp4="}},"E5hTq4GRZrlOqm8+Spd7P9OWjnujTsEfSPK8MEpw4eQ=":{"valueMac":{"type":"Buffer","data":"dEAEa7+h67cCOYLiHRxxtqmtWdta0od6vjnYYpa+XfY="}},"F4As8EXeIv2ZGClVUg7u1PauE31tIoW4tHYn7Dsm0bo=":{"valueMac":{"type":"Buffer","data":"lg46L7uxTXISj8m4VKQCTsUiEKbwmb2c46+IoBNmy4w="}},"GH1faZ4atc7KA7cyh2pWCVidANy9KKlJM+q1TSEgv80=":{"valueMac":{"type":"Buffer","data":"YUmZgltA2jalTH+zvEuYkT5ZfA1Lwye07S/i71RebzY="}},"GNICHj6EUr3mIBbK49YOxzjNEJ15kFuLFZ9NnT7PCz0=":{"valueMac":{"type":"Buffer","data":"gYQ0ZrErrpMAqKvpR25lEQVJmb/At0VxiWFYmQmUhaM="}},"GO39n+n4J2s4KN18nRCwCDzcIiCFXpqLx1EWLmJhUoo=":{"valueMac":{"type":"Buffer","data":"SCtvVee+qGrggdtamVM7I5lQkD2mrKWlhkf6KOi/mng="}},"GaDCsiL7JFqMSeLcYiv/coKkaAvU64wGGn1wZQC6g/Q=":{"valueMac":{"type":"Buffer","data":"gg6LkdUET1yWSdWCKKBZnCT58XHGudC+tZUbAYPSd3Q="}},"Go/Sjh6QDINmXZMtF1peIRtbAd2nLdt2newDYmjOfEw=":{"valueMac":{"type":"Buffer","data":"ZedDFDdRmcCLFiVc4IxttYAEIboYLywAxFfQx7UB6cY="}},"G2zYAV1RteMjZV7Yf6BMqrELNxIsSJnrtlNZu4MKzT4=":{"valueMac":{"type":"Buffer","data":"qvL2cT/m+/V5x/o/1g9Ypi1+om/uYLI4pMXV4vAUiHM="}},"HGCETQV4zHoyMMA0Ttj13EqABsJ5S5PNlFTUCX3MnVw=":{"valueMac":{"type":"Buffer","data":"xAYScss1vGnM9OpNCvnKk0FanH/KN/3ZY6SUoew8sWE="}},"HT48LxYjFgvUk+fvQWTwYPClzBk/BF2UXKEqwNBqPVs=":{"valueMac":{"type":"Buffer","data":"Z4gy4eKloWCSXHOhy8ThM5J+DXRPN9NzPpbMyq7MzvM="}},"HaO2DHjMZmhr2QzJap4myCSpj7NPj2z3lQ55rrTItVY=":{"valueMac":{"type":"Buffer","data":"wPMo+lsUl7pOPgCExQcTOiSb/LF75NHN3pBgF4fzhIU="}},"HdOfd3L5HJuZ70LKcdh1IayX9/e9oH3JpV1+bwL1hMQ=":{"valueMac":{"type":"Buffer","data":"S4ZCXO6TL2pTv/d3t+25l800+Wbo6VCgxB7B9DBI4Yk="}},"Hfb2u5pf0fPh1QmimSE+EQRXji+czzzlVyGgMzCP8/Y=":{"valueMac":{"type":"Buffer","data":"LOCInqURfe0dclP93P0rAg/OppJMChOlCYV5rqya3Zw="}},"HtmEDW8t19aav9aA+aJLsURhtq7ySqIkf5LMOjBAA2Y=":{"valueMac":{"type":"Buffer","data":"eXJ9v1V/TMKpd0/P3gDDu0X0sETK7a77hX8cW7pztxg="}},"H8whuJnYQYkHGWDspuzmIZy07ZtDYU1HJonbebSw3rw=":{"valueMac":{"type":"Buffer","data":"4w/kIQ0kWFLIEOUAWUK/k88L5wWM3ZbsDsLPDZtjGBQ="}},"ICvb3zv15FanTPmIJgH461UNS4JU2kBuOfMr0g9mX3E=":{"valueMac":{"type":"Buffer","data":"zKPNfiHeECUsAZOLv4UWSLhyGwsYnD68tl/JRH5gB50="}},"IT+LWHpTKHq61Sp501sWCb2HJ+KCwVxZ+Xj39n0Zx9Y=":{"valueMac":{"type":"Buffer","data":"Kw0AMVFMYHjThsL4GXkV5kNtzYfe8aV72QyLizL8LpM="}},"JB/IPCqsYagliYk6R+H09g+/zmo/dPwYlNNC5ccNsZs=":{"valueMac":{"type":"Buffer","data":"VnnVZ05WkTKcDlD2XDERVPb0VLwMSqlun6jgtldSLOI="}},"JCILKZdJ68AUuHCMT/0sgRgFnfjYjEER2bUt9xoNPec=":{"valueMac":{"type":"Buffer","data":"Hlpztz7L9Pp066I8ENaWp2mfXVoNk9lbeTyXkrAad9g="}},"JF0EUDb4XK5P41pzuzuwvbf8Q3XaBqv4GAB9uzzXTtk=":{"valueMac":{"type":"Buffer","data":"yrDRZheJXtUCDL7w1itZaY/ePcRbj7fueMrlIzLuMCw="}},"JMWPH0/VX0xJl/qk/Ntvf5yZD7N29NNW7LRxrOfzFrw=":{"valueMac":{"type":"Buffer","data":"/HnldxWm2Ffz/ZsO1TFLRAEzP2sTugOkKz+iN5D4zec="}},"JPD9WcnKeRbkVqYsFw0uHra+3/XAgviZEu8FHNQ1N+A=":{"valueMac":{"type":"Buffer","data":"JoAuKczjvdP4FQDsxjDe5DGuHhE39TC671NjTHarFSc="}},"JTb9TXkv8M0GfOiDVWw5NVAYHS/qQPBGnQ/0tiGWUU8=":{"valueMac":{"type":"Buffer","data":"7xFCe4itv8eWK9IAkCExHUR5/YGY2DY0UYYjgMESAJA="}},"JWAxzkxk0TnFmjDq/VMFiqUWtmbYsXQ+FvMbpZizSz4=":{"valueMac":{"type":"Buffer","data":"3drjOOWHI8ubL8kNZzdcrL17jwthuNUmf87jXItA5nQ="}},"JWRbcHuoBnYepjaaJCCibpqPuYRrsPTwFkdD+WTCuGE=":{"valueMac":{"type":"Buffer","data":"w9jkCAbWzIRuYYNmQ4z658w6Cj+cl6BYegxbxpzIfZM="}},"JewaepwCB3+7j/zTo708G7VEIIAKGmROaXrkzP7mH+0=":{"valueMac":{"type":"Buffer","data":"o/ioqGMIS7+qExnfOfhT+ZL3vnYvhUdXuUVEeqkloXw="}},"JzjS6Z9I4pxfKY2HFuQzGgKWiH5gNAmH+b9mBKPqLmU=":{"valueMac":{"type":"Buffer","data":"qbnyR5YvxW0kfFCHHTEZDSCDuYmNvqXbYg3xrXWAT4c="}},"J835h3i44IvHKlMotZ7PJSO0kJlwgosTFAWifNSNvH8=":{"valueMac":{"type":"Buffer","data":"369nHlBF5Uqwrr3BK8XgOd22J4i1+gnrvHIpGkl2HCw="}},"KVVKFk1JX+4zF46oEBbkGc3LyG1VDX1s4d9Nbji0ehE=":{"valueMac":{"type":"Buffer","data":"EaOJ2AhzvdszwAVC63beh+JIbudW4nxhgaBKplLuMww="}},"KsLqPiBqv76/9rU37huTcMHp7chX1bFQhohPgVQt0vA=":{"valueMac":{"type":"Buffer","data":"Yy+e206cwLsOCzIEKjl16/YsL5LW4F9Pcy6KkQQu08M="}},"KzXS7wsO+10BpMDHkP6is9b58imCKLkI+aQwdQf/4E0=":{"valueMac":{"type":"Buffer","data":"fpiciURttEGpO8fQCC8ZjWoLxJW35mQIwWYldeLtvDA="}},"K3Hz6kf36tVX2L/nnBuEpvoPSigra/PtueQ8H6CdOa8=":{"valueMac":{"type":"Buffer","data":"T87AxOx3cjHIZ8jdq2xLeeO0qb3Q+N5nUEA97/BqcnI="}},"LJuT+Q4ekvWZSz0q07lQC8UJR4x2Ml6Hc1r6zTbQ2pk=":{"valueMac":{"type":"Buffer","data":"3VosFrEisljYfjn3BJcNHZ2YKFWpE2PzuS32fVxcpIA="}},"LgxzM1jVIgdRP2Qk53FLYcTb090CR2kfyLCPr6jk6Y4=":{"valueMac":{"type":"Buffer","data":"vNWk3oDpWJQ0Shg4spT5SDu4QdlNUl12ALJzcqLjN/s="}},"LiSzyeyl1cOpH7Cju0kyCRYTQeHq9DyJDUfYCcgR9eE=":{"valueMac":{"type":"Buffer","data":"kbvgw9SrlUe/kXXcrsWXI/6/QJSjQgIbUM7cPNK5EoE="}},"Lkzwf0hTjg1+4rpjwxY9iGwlrHHWDM+rkFh7pS3qhsc=":{"valueMac":{"type":"Buffer","data":"LTegG3pFf4+glAi4FV7jO1+HCp1hCGvh75pvIFT3V+4="}},"LlMmnVuj2oMGVf+FK++/SPZb6fjoJL+E8zJ0v9J7Vi0=":{"valueMac":{"type":"Buffer","data":"VUw9UAzT5LYyDQeK4H5W2oTKYuI6NEsoTdcqNAWrvlg="}},"Lt9zVUBK+ZVgKhs5RfrsVTY69XbdOWFjCFSdW1+ocS4=":{"valueMac":{"type":"Buffer","data":"lHhvCCJWCAXNRWbRLx2pf4qYOGSKZ8GSDLTBDsCkpVM="}},"Ly7FuGZi95ztLEHrDyuUUTGMRLHdbwFWv8/nwyGTW60=":{"valueMac":{"type":"Buffer","data":"jNZfQ/H9FZlDD/Pp0ZtaI7IEaIlUiazEAs/MsGVCqZ0="}},"L1uh9emjmF5mPapJBedglVmmAJk9ll8lDipKK6prNmk=":{"valueMac":{"type":"Buffer","data":"sM/ji/bdZG/PZ1+3b8VQJ4KH8bbtSW+XElAFvlBZATk="}},"L4n9obK4c3pJSomM5ncaGIX+Kimvq3Rsg+GPnxCAdn8=":{"valueMac":{"type":"Buffer","data":"SHOg/YLi5JSAt2iPRjpVgf3Q3JOWJZ8v5q6RAt+lDxc="}},"L6p6LNPMrM389KUbd3Or0wYFIscoG2vsogt5Vqw+UBs=":{"valueMac":{"type":"Buffer","data":"lS0RZV4JuQmfrMjDNjzcIk+iDwMcG9zBsrAmit9ecSY="}},"M6g/MjeiZw3pZ2e80LWn9rpt1CUfrq8lrIBHi7gdMD8=":{"valueMac":{"type":"Buffer","data":"+sEWcOI2WAVpSHAJeWPVeoY9JhGITmYB5Jsir2ZvjOU="}},"NFzrfloyVp7VybIdfQyp9ygAza0m9+8JT9AoZciPvSs=":{"valueMac":{"type":"Buffer","data":"UHJffLaVmUgzTv62sox9p8df5YP0dmGFxH6zVvx3yBY="}},"NJ5so50fItS8UJplgMoIwaKnuZANozPCRahvLOHizXU=":{"valueMac":{"type":"Buffer","data":"aXxvUWskS2M9b2mgy2joeI/he2Tv0GkLjOXEMKTctKU="}},"NOBIh8P5RCrLdbXnXRtIiMzNuME8zvcdGJ+gsF1d0Y4=":{"valueMac":{"type":"Buffer","data":"UZO/if7F/co8MPca6b8TQcqsvnVJl2OHMy7/2/LN5TU="}},"NT7wCocNflqLgnz+tpJw5ELeKBB9aWuckxeXigzgRhQ=":{"valueMac":{"type":"Buffer","data":"IudDIoKKUlRKzIHPrVbHdkav5sSW8k9j2myWDajRyRg="}},"Nf9F/Nua9q6edLxYxI+YZ5gN8JpU9yr8/PkI4d3FYSk=":{"valueMac":{"type":"Buffer","data":"bikgjxu5z/gsANMnhkfWL7I+SVCgCVlrSAnUz1U6Jn8="}},"NnYzRgYcnzXAd+40HA6STYmuu93dGo5fil/TRShgzE4=":{"valueMac":{"type":"Buffer","data":"iBc01pyit2jx95Il/uHaE5yp19Q2k28nZs0RCyoOrvo="}},"NrBI6V6tpniGPI05oMZYUFCzglkKY+myz6AhUrXlhD8=":{"valueMac":{"type":"Buffer","data":"cnKY3X/gFKwrpVphjfI+Qi1g7X9Hq6s8WW+1exXKElY="}},"NrqwIllSfnuprkCqNDN069CuVrEL4iRmJ+y2xfcMp7E=":{"valueMac":{"type":"Buffer","data":"hy5O0gezFOkxSYxXX0H7trHfYaQKzCMYzFkWA4HpmPc="}},"NstF467cEZ3jOZy6MUENH0clHDlkhc1IjPsM+F5BZQ8=":{"valueMac":{"type":"Buffer","data":"ohbxpZT0cscMcR/H5f1wC9zyyVlHXt/Z5d0eG9XOxbA="}},"N9GgmaXDvAdUSpqqyoI3xyZrRGQIKT6aiNLJDWYabnU=":{"valueMac":{"type":"Buffer","data":"K7Ml6TpPNCEpvcIeMbEamhC8t8NxVkX+NHXICOCS3Jw="}},"N9hYYI9y81ijDfDFe3yuwVEHH3y7SSBZ5C3c+pz3x8g=":{"valueMac":{"type":"Buffer","data":"DWUdLMetLkuX+QJ2fIZYwr6m8itzJR4GzlFdnNY4fpY="}},"N9vtaV2z8OEh3nt/Xxz5fn4c4Xg1QwH5y0eB4E8NCHU=":{"valueMac":{"type":"Buffer","data":"U2Z44mPsVjTNzmLlBPYMzDZFm80d9ISTYMhKE/D7dmA="}},"N/az/SCm87G4c9swVv6bwig5HnOqPeabx2uTAMbY49Q=":{"valueMac":{"type":"Buffer","data":"+oOpk1u6Yb1C/cD2YML4QWFTnQKEDdNBF923k7K0LP8="}},"ODE5dwXl/1pSarlMK0rTbIBrtBCR0dUjIutTte2xJd8=":{"valueMac":{"type":"Buffer","data":"UPwX02w27IaINeIO/5s5o0XYxb6WH91dDrEb9xNG/4s="}},"OGQeINgMYS2Bt0jOlqbNB735EKLTF0IKKRNZgUEYYrg=":{"valueMac":{"type":"Buffer","data":"mouf5QgMTmWrSj0gSWukJBetf7bhPOUlOsJTx9ABcc4="}},"OTIXKAs54XZC0mLSGDTFOQQm82IGpdNJd2QLFBLh0l0=":{"valueMac":{"type":"Buffer","data":"rx1e05Xu61XlgE7o+BGsKvd48HhKgkJIMEObJiNkG4s="}},"Ou6Cd537h9SAzfQUP301EqxbXbRMX3o6Pxpx9HjoGXI=":{"valueMac":{"type":"Buffer","data":"aL2mLMBedOYG9uhUJ5Wwi4xF/zI2sHqBVCIWq0gfc+s="}},"OvjxEe+3ZpWwanYy0PYIUQpzi9U8ORDEGDdItkTvSOs=":{"valueMac":{"type":"Buffer","data":"QNhUWlsNpf17UQS3p7kgklNnA3GgJcRyWhadlYBXSDk="}},"OxaKkyfTekuIXZ5cAg+jTkGcxriQpJBxnbD+vAlE1g0=":{"valueMac":{"type":"Buffer","data":"tSSsxCeMyB2Z+IffUJ5WfFQFcYKknbYp9wxYgp01mTI="}},"PfhwP5uux3x/CdTy5/xFxLpaFE3Jj0rSkRB/oL8XC5A=":{"valueMac":{"type":"Buffer","data":"USj2/bgCsitGwi0HnFeNdvdGr1xDpp4Uu81O/pwy7Lw="}},"Pn8ea9f62cyOWrptYEN88kG+uIqbrGrTFhmRz2+rpUM=":{"valueMac":{"type":"Buffer","data":"0bdkndX5ZCalH0TCf4PcP5Ut78r1GBK/o3gnclyEQ5g="}},"QGc+QPgPiAy9rMAaCprl+VdodXN0+ZyHumZgW0dGgi4=":{"valueMac":{"type":"Buffer","data":"99BclS+JAF/iIRdUvHxrfVHfDhrHPxuV+7wwYBHCzK4="}},"QI4G25x8fAzkd+Xea5ycUsjk2LDlJLpnpIxufxzxUfQ=":{"valueMac":{"type":"Buffer","data":"tfMDBY2Zlol1Ey5OWxzC6Q/ZkeVhEkWGqfDSwmNWY5k="}},"QPOqqIN9+0uAamH2HEkBQyGoXL4WUPUamjkMF1ykLQY=":{"valueMac":{"type":"Buffer","data":"PxSN+YCSDZbrKpTHKtDSjh0PQ2uzaU4HG1fRyCrjrOM="}},"QQlq2xlIay6BwkLP+7emSDf9dDcs4US4MY/Bxkp+GTE=":{"valueMac":{"type":"Buffer","data":"B5/2eDTTjaEaLg6Nlj0FoimRmZBX4/oLXEJWRz34VLM="}},"QkgVIjcAMTmFyrxKTrLpEfe1GRawXIC/ibs3Vtl1Vvg=":{"valueMac":{"type":"Buffer","data":"UennjtefQVkeR7BFZaNIrXKuo2Zllmej/aSmWnyM24Y="}},"Qnp2h9dpK9izHZWW5aDFx5tsqbQGodGSoc5bStJ3de8=":{"valueMac":{"type":"Buffer","data":"dZQWqYOzlYxAm3cpY3yjOu5Dffa3BYmArUkIml/E8YM="}},"RS2S7MalUc6uGAm0wkMjnsLLdSBw62YaLc6N3ILxc8Y=":{"valueMac":{"type":"Buffer","data":"aZr5+nJKEHKTcr3w+/PaxPZAi2jI3AR0fLRuN3k2ktA="}},"RXOSY8t2FgX06mhHn5l7QiABZcku4wo5a90fqG/WGvY=":{"valueMac":{"type":"Buffer","data":"eQuCh92o/5hLehssmd+bd95FkYG6OwmixrpTO7FaZ2Q="}},"Rm/lpwR1ADTCT/oGMDCdJuIyYUfHp500ssWUiMMAIwU=":{"valueMac":{"type":"Buffer","data":"KpBpEKR4UYl9NdG7LTukAiXIJzEkImVZq5WUDei3uzk="}},"SHJZ/wb1+C7edNbw2FgRSlqoXmI6JkWEAQpn7f1vreE=":{"valueMac":{"type":"Buffer","data":"6LmQZlqsmAeb2+b1qnZc2KYFdvXioUxBmsm0A1sG98Y="}},"SPY5onzjq8c6gyB7Bm2c5s+BAnKk2UXaoPyOacXZ/s0=":{"valueMac":{"type":"Buffer","data":"De5x10fXg23CfQsmq5580SzVKaESnT6N+ulVKKsZxyo="}},"SQYKCuHfh4rsU2Jp1XmKhFJ1P0HxDdZ5HBArL2fZbeg=":{"valueMac":{"type":"Buffer","data":"Hktpb4KYpSi7yGt6GXTFcLK1NPHDNnocxGs6KxiAeQ8="}},"SmqWoLskm/Q0QoQhr+7VF+eeMArqzlFM/nytta8PVQU=":{"valueMac":{"type":"Buffer","data":"LO2QIrRfwWiovpdNznBG4eo5vTGUlCLhO7NM9EyU2lY="}},"TCXlRkT7CagB1kpQ6RGMO7yRqjXn2yqp+YVSC3qjIHc=":{"valueMac":{"type":"Buffer","data":"I7c1EChxa7Knzkq6PwLsrTCojxBeLjSCYmWMvYijsEY="}},"TEVvET4e8s6Hwv6Q+c1Wx/1e1zsIVSP6k/nClREj29s=":{"valueMac":{"type":"Buffer","data":"Gf7MD1tlPAGEjWZdh/0dyuz+bs9axv+l0mAKS1sE3SE="}},"TEd1WfESTqILLsBod6+HIev1GwWEJWsElZy6Dmp0+Vw=":{"valueMac":{"type":"Buffer","data":"Fe9yEIdxdMQwkNFM2GVWru28Fa0yWFs4W9+Zc7OUCRg="}},"TL7WdDgvU/6Zzcm0LXX9x1lyuUwtR6x4hAJ7OrqoWMQ=":{"valueMac":{"type":"Buffer","data":"y+OyHBQZolKz19iPDztGE2OJeAaoiaUC+tQSlukCnlU="}},"TdfplKe42MU9/aY0tdlPq4xTOlBRgNsOA+sg7UqPl94=":{"valueMac":{"type":"Buffer","data":"sfWKZunCjRu4s3fCiPh5P/Sh2iUad7CZKJ56YcYZ1Xc="}},"TwzX15nvSp7K3qsAJJb08csx80NYAmA3/xUMbMv7mQk=":{"valueMac":{"type":"Buffer","data":"APdSLVyRV8F0/MoldsrOzvJVRf/FLp2f9rPjCx/elGo="}},"T5LfnafurKCwXRX1Xv8hgQK1L3t4jUO8vYw3bO5uF2c=":{"valueMac":{"type":"Buffer","data":"WyEP5axc3O/VFt74b8vOZo7NUc/cAF7cfSIOj6prckE="}},"T+vyV0RjPKjKgETZRDdVrBJg/Mzn1oGIUcx6zP4X3SU=":{"valueMac":{"type":"Buffer","data":"0O8iUTffTpf2WbsPuFnTgzY1sTmO7CIaWfIIAhV02hk="}},"UBRK4T2CqNZ6dItrGDNXGko9O+8dpcZNhAyHAkg4byY=":{"valueMac":{"type":"Buffer","data":"2+eNYBvX/8cFOzbyacmFPCVLDBEXlPIdnapk0P1CJws="}},"ULSR/mQ383b8H0EHub9gxXskA/zJteMihC356r2wK+A=":{"valueMac":{"type":"Buffer","data":"xiT6BPzNgcFKDbd3nf5EfkI/bw1jYYTJXeCX0dh+P04="}},"UWrNwXxgnhTYHedhXrz+UEfhOoek9i87dZeqHjYaFw4=":{"valueMac":{"type":"Buffer","data":"k311/m9CtrNliYuj0Wh96SOO9QMbsLuT7p5yg3eSk1o="}},"Ul4K8LewKWejj5faNTrKVStQS+/xad9prVY+lEp64DQ=":{"valueMac":{"type":"Buffer","data":"l6+ooTLJM+U8Lt6pIkKnsF4rLon8afnSSyRZJ8c7Ppg="}},"UmMJ1tujA9GQCP8cYGptsKl2zHcxehWnKB0W4Ktg6/o=":{"valueMac":{"type":"Buffer","data":"ECZiJRZDDaZYyJ04xSkFzOLVYqcYbzT2aWXXXWrSvgE="}},"UsBLfX+/NflYuShubBm8eHyKu9Rjpqv3uoKuWVMFJBk=":{"valueMac":{"type":"Buffer","data":"kOZfmIuGLeBdVjrvRBKnfmw/M/alrChREQ88+DYp+gU="}},"U27PNTnqCI5XmleFvheMM07tz5ahcwAwTLyttv//Aug=":{"valueMac":{"type":"Buffer","data":"mG47sGRs6Zf0U91oUTj+yBxxaPjWw/W6VQPGOrltMpY="}},"U4+8k2eINKKBJi/zUUvl05SGwEXfl5OT+/RYFXtku4k=":{"valueMac":{"type":"Buffer","data":"yu1AmioaLiMbgpWTIwTaSoxYKSx06OK7pIYgU5wVoWA="}},"VD/Erm2g0jBVZvNdJnM5f5sIaUd//RTsfKrWM9T/Qko=":{"valueMac":{"type":"Buffer","data":"VxyvBnFQ5+uw3XcMSAhO1oKHe0y1gQLSZF7dsWtYHak="}},"VR7ggN3Fpm81idEPAiASuDwHAlbVUEG3/77oZiiz+yw=":{"valueMac":{"type":"Buffer","data":"obZDa29Mb1S+66WbWJImz6L2JUFFT8Pte4Lrb1B8sjo="}},"VybAiOMgWYLWNQluPO9oaFOjIHkfHDv3DuWAbn96Fds=":{"valueMac":{"type":"Buffer","data":"VRxrCxGtYOxmOMsl6wW50vLU47PykcE75PCCgIUFESg="}},"V04JT/2FfrRydCTGPqQkGbpyRmYo5Cg5J0oI8lcy8cg=":{"valueMac":{"type":"Buffer","data":"wcM+kXZg0Xkpnpoz1wFHe3pEkEv8zEwo3zrvZVcp8KM="}},"V5gTLGdlfsGEDpGPMOJubCwdXZSA7IeYHoF26KPN30Q=":{"valueMac":{"type":"Buffer","data":"rMZjpNJBptKCvgZ3313YknB2oJyQBYyp6xWQCRCiKkU="}},"WPheqzpUnltfoT26cIwRC+nfLtF4zJXMA68+UfdJjgY=":{"valueMac":{"type":"Buffer","data":"Hfu7wlu3vJHeVnGSGRNr9Du2e0cUOZ+BuNF9EFWvYeE="}},"WV3jUK72roZV8jFf4CWymjPcV2HVdFXfxeLg0nNIVMc=":{"valueMac":{"type":"Buffer","data":"8AHSRx9R9augK+pQXluv/y2egF6oXOyVb14pdXT56kk="}},"WislIU7Zg1TPAHGt7r42Vt23hjn2KySHKlXeXxz0I1c=":{"valueMac":{"type":"Buffer","data":"VxT64lwozLERax5WcTUOQAXlBxXWzOoUVR7156i3zWw="}},"WsH3gLJ5NYCDBRbhDViLGXZB+yXAGBS7Ga/izEYxXPk=":{"valueMac":{"type":"Buffer","data":"2lEnu+ulRvvhttOy8Ao1Po27gpyFhFV1e0xE9zJxm6Q="}},"WvNzJnCm3xYxj5gyiZdC9N4bS0nzqxeD/VOd8TMiNY0=":{"valueMac":{"type":"Buffer","data":"Wbuy2cvF0nRpjmICaOUFMZ1wdneCH20yxRutK3NZHgc="}},"W0f07AxpPbAuuHyBQHuZpTUs8eEBI0/w5ghYtrDTw4s=":{"valueMac":{"type":"Buffer","data":"8hoffvkIrat7DdDSVcwpFBzsH3PHubhkg/WncAnngv8="}},"W1srjmzOaP2gZLPL6B2rNXUMrCaTU69/8xl/o02kitw=":{"valueMac":{"type":"Buffer","data":"ftbQcTHU1fNSyBRrdnOTasEmtsM9t8zszUB/z0iC4sg="}},"XDlAvpAGsQZH2a8wdWE767P7CKo0pggmqZKgjLIbT4Y=":{"valueMac":{"type":"Buffer","data":"65AHNcuUbgv3o30wMqBGPlStLw+0VuRP6CrA5JsFGXs="}},"XUWeY9wO2XI7etdXPFNZaRNIhh3lHfiWBZ6TOTCyNnI=":{"valueMac":{"type":"Buffer","data":"wOYAviizc3M6rPyprGh0JAtYsL7cdU1uauLdSbO99gg="}},"Xq6lZMjcTuz9qt4FnF38jV1ijnBby/Rf56BJeXoBw6M=":{"valueMac":{"type":"Buffer","data":"t5FdacExcXmxaf5Fjh9naoODs2Jrcw39br2vJmWvsE4="}},"XvDleEI9BuAEdvjXir3cb0tIy2redjpuuwLhschF9Vk=":{"valueMac":{"type":"Buffer","data":"RIyvFB9eA9mp9/NyJMwC37l61AHJSCPBNxiqGjnW9SI="}},"X3QW8r3ctX7p7HlMzi1figoGmwaNs6+Y2U0kuuGZJU0=":{"valueMac":{"type":"Buffer","data":"B7n1+R9m8aT6guxumH9gcF5AsNGWODO7cnZkb3tVoW0="}},"X6bCT+ktW+Hm9DWdvxlfnrfm5m3Hj6BwLeiQ3RZq3m8=":{"valueMac":{"type":"Buffer","data":"/Qy7qcY6NlxMyLsjdFREYkKyDuKHqFQJZ3CD3C8pzN0="}},"X+kziITKhRHIkwSy0jqotQI7pU2SuBhpptyagkhHpwM=":{"valueMac":{"type":"Buffer","data":"dzkzpZJ4CARcIZ7cA9ONi5L//xqK0P5r84CX17VR1x4="}},"YHs+HkR4aSRKYHdSGqI2Ory5jCiqkuqvvWbhe0MNGyo=":{"valueMac":{"type":"Buffer","data":"fNuoiMuW574H6m87YQsXr4WvGlslXHRIq3sseZVwEV8="}},"YJ2eJX36DoNe/Tu932aPePkqNw49ojRXCO8TfgiEi80=":{"valueMac":{"type":"Buffer","data":"Xim9H3L3n58N9GTTbQt/6sK0K/Lpzh22Y8fZQ/YOJ2Y="}},"YKz1Mo9gZnRRfVhHn/d3sQ8S5JyWGua672zjsvCyvTw=":{"valueMac":{"type":"Buffer","data":"J4aTmpHM0a2fzVJkikwD3j0acnchuJpc2OgZ2mDlrfk="}},"YPTh86bPD0PTSNsfSHMXkBY/CHCB44JaF9CRFK120I4=":{"valueMac":{"type":"Buffer","data":"E8XR6JtJmISGimyGEdEDwB5xDfjGZU8NbmxWIliaCvs="}},"YPdaJLFIAr4Tcuad1Zi6lV9FdzrkA3hRdsdwEPJ3xig=":{"valueMac":{"type":"Buffer","data":"TZMI5+fQ6f2N20x5Bl4qHTCJc5AANBraseKuvpUJIHQ="}},"YbHykQ8BFsxdeijnAGGQ+PlC4Gi0gqJt167b6RafC0Q=":{"valueMac":{"type":"Buffer","data":"UWd6MZqSih1WpI07u1/XVsqhpXBk4B1lTWMJETGoX6g="}},"YhLcbVvZPFSD/KGVnuCiBAZMdqidtFyBuDVdKE5DRKY=":{"valueMac":{"type":"Buffer","data":"GNdYG8EFAydng8ersimsrQ/RCfwxgVWe2kLMiF1OYes="}},"Yke1KYa4o8AdbDmL9PbLj+7qtANUNM5kGNyLL0bXZpk=":{"valueMac":{"type":"Buffer","data":"fUMbqT5/w2otG9EkrJbVPofOM3GuoEj7nC+7ilNzwlE="}},"Y2QvY0EutuSb4aoiPp1Eq9uwaUXJOEj223gWcTdDSC8=":{"valueMac":{"type":"Buffer","data":"pOlE8iLMd2rDH0cn1sCq1PEWUj/IKSBkgYg0+BCOAfo="}},"ZIyvo5aCzAQr3lCLbzv//KTLcuS9cDMF7VSLQrKARjc=":{"valueMac":{"type":"Buffer","data":"aVx/j6imQ4M9TXYCrToZKgNnBbQ9zAnWCNNbyeM2kHM="}},"ZXj40/9XpeQAF3rJFPJC0coC8Be9jcqoAYhS4VWF0xA=":{"valueMac":{"type":"Buffer","data":"3PUBosY/488lHj6dU7TmISQ5Lv096d/aTjD1UdtQQjw="}},"ZdoItBll6VjvmlRPw5Hyzwyu1FC0641rnDFEzLJsyTs=":{"valueMac":{"type":"Buffer","data":"+6fd7M/uk+wPUumG8GUJR1I+ADs1QJAxPQVRoeOJCgE="}},"ZglWgUJJVFAKeL7uR1/cBIBkwDQ7PwDhBUn1Hp7gKpE=":{"valueMac":{"type":"Buffer","data":"mWh3/Fq0Gxbp0vL8LBpkw5pKF216g3PD2toNeS2IWjI="}},"Z6Cvh6Ef8IMWuP4OHM4TLH49aEVMOFRUAis7uZdjgwQ=":{"valueMac":{"type":"Buffer","data":"X+3DEeSYM1WfaZrIS/PJxXiTZAMtBZw7px0K4dk2xfY="}},"Z9DJ6JSRsLwFo1J+u4SIIVBYVnz8n7H73hnmhPx2dQ0=":{"valueMac":{"type":"Buffer","data":"v+bR0qYHkzaGBPFKBmw5tZSRZ2r2UG9FS8FWMVyObA0="}},"aCi9Oi1tUO0so/iON6p5NNgPKXkLvK3UfLjKe1c7K/8=":{"valueMac":{"type":"Buffer","data":"knYdZC9VU2lGrn7j2CDk4GlVgm6Fbh0i7t8dzp6H8s0="}},"atiRQj5zYQVbyqrdWMnGelkk5fgvMgFz4ZFcvqMgDAE=":{"valueMac":{"type":"Buffer","data":"VSmInHRiIau8fuH3V214gUlamPDwcocXUUr8g1AIzDY="}},"a1y29QrrsHag54Y8pgxvA01/MmqwqmIyJQ805/bvtA8=":{"valueMac":{"type":"Buffer","data":"ZMVtb6F1kSf2J6+rKbfkwUMoBtyllmoRqoBU/19Rx5k="}},"bAEuZxr/+7bttm20e7yO76h6NoWGU2Mql4hEH2SsY2I=":{"valueMac":{"type":"Buffer","data":"wotJR5kR+sOmoV6GP8AemMRoqn6CmUgIWcPb+skHUH0="}},"bYhY3ya5Za4YbS0ISzWZJVvFL/i3/hH02XlNqLTnRKk=":{"valueMac":{"type":"Buffer","data":"YcSdwtUUkCI7Eze9YIe05YxXw/RhDoWRLGKFiaLK0Cc="}},"bZfaV9uyBGSDN30KN4hRQeSve4Am3I0y4Xd8banTl+U=":{"valueMac":{"type":"Buffer","data":"or0kdX1NtEl3QeA3cOpCmT2+1PgqP0u0WcS+2C7Fgx8="}},"bcR1ZNov3hQq06dQQbmHeXJtD4V1MFPnDMa76d55bAY=":{"valueMac":{"type":"Buffer","data":"2hM1iXc9N8+DlAdEZ2MpHQb2rPotWEuCBRG2M26M3/8="}},"cQtmsKe4LlKtwN/94r06U+ijvjDr6xQCBF/6jS389wA=":{"valueMac":{"type":"Buffer","data":"AmcZlDXSpZfKbERUn9KZuOaRNyh7pgRl48TOr0e0umY="}},"c9NRF1MdTuJeM2m0D8mLggg5N57EKWvvd3ZPttyLSVc=":{"valueMac":{"type":"Buffer","data":"Wqv8DvvCIqtx7JP4RXVlg2jKFd/gWU5nhU53lTE3bBA="}},"dJTmsKzLEKD168Z5e2Zwwxxr61LXRmg38breIpme76c=":{"valueMac":{"type":"Buffer","data":"CXgSIBosw1zxGh1UUTO6i7vQBo2KhuP/LmqajlCzLRg="}},"dPQRtIrH/q9lXX6ZGMIBBYG9uVOZqyCRi9brgfXNlLU=":{"valueMac":{"type":"Buffer","data":"6MvGkgrd2x2B4y39iCPNqBf7Vp/Wrk7ySsiZ1BRDAr8="}},"di13ccpICZZ5nUZzNTJEZMpqVsvbPEPLffNnNQyYQDQ=":{"valueMac":{"type":"Buffer","data":"6VWgsutpNHV+1ujyPC06DeH5SLq5Za546GVN85q4VBY="}},"dqMxrfNUbWs8FkUZ19OpYaNU+psoYow3tD9sx55hP2w=":{"valueMac":{"type":"Buffer","data":"BSnvxxZwPUSGGo0SCS7u98rRewA+XKHn7bxszJ/RW/U="}},"d57G4RhVtvRt1Eb+iWlTgDXTnHawceGMa0gFTcw0wyA=":{"valueMac":{"type":"Buffer","data":"1VxpqzANc3pTam8N9l4e6O0fTBPGyNWdJhl9gRDjNlQ="}},"d+IBQe5D7xZhhah/Kik5WiwDd0DLqpSnZM/CortQZy8=":{"valueMac":{"type":"Buffer","data":"8Ek1+YlC4WM4oFyhc/Xpw9PkFLqHWfKn68qm7KC+Dv4="}},"d/oVP8PIinatlGrxmkeq1MEwLDHBA1yQyJ9AacTAQ3k=":{"valueMac":{"type":"Buffer","data":"X4Ue2gVa6l3XGDrNhKJLhwBYVO3TW4zS+2mYqtSmMjM="}},"eEgAhR4Jr7DwR0sU0eZt0sOg5hgGjPAH30AIZ15mHlM=":{"valueMac":{"type":"Buffer","data":"1eqG73FL+CV4y89rhATGDL5p71PN+BR0ysYhGjIenM0="}},"eG7GcPriMT1rHCP8IesoIVNFwnUXsFMm8RraJOyjNsk=":{"valueMac":{"type":"Buffer","data":"+sLnOBRu53DTYCCH3WpKXvXA2RmP4vhW9m+lIfVVmog="}},"eLwEYy5QSsQd9ZsVxJMGTkI7rayuqA5VW7L9ml/RKOw=":{"valueMac":{"type":"Buffer","data":"mWBTY66RlMk1Bl9A4stFWqvPjtQdNMpZB3B2DIfXbQg="}},"eZW/sMpKpnLtzGh9s18lFbG/CaicmSvDDXq78D98tcA=":{"valueMac":{"type":"Buffer","data":"NIc9/fYYgSxJ4YjueOBWYfbUr/5QumZrKvjmIaFfLdk="}},"ebbXyAKrEWt1hiY587SkZ8vfLh2suPkHcZnK8g5Hku8=":{"valueMac":{"type":"Buffer","data":"U6VD5SapvyU+xuvgvPgsnupY+3nzobN0d0WQ36b0xOw="}},"eq31INpdQQBs2R1LzxpB7lFe5rR08UECVJLmbdmD1KI=":{"valueMac":{"type":"Buffer","data":"hb8/mYhWXf5O6He+rZcNcpDJa5VS4VrrFDDg8h1I+Fs="}},"fB9jHiSFLA/nRKJkrANrCrgACAHLhN+z2+eMZ45GAk8=":{"valueMac":{"type":"Buffer","data":"I4Fs5XTPk10qVI3tCaWXN4LceczJnU7TS+nrgFF1dZM="}},"fdAUIZs9p79pE3uoKr0ciHIkEOm3CsNhyLYzKLOxWno=":{"valueMac":{"type":"Buffer","data":"w0N0aICpPQiN30EYJPc6IxV7ogt5wsypgN/IQyS/Qa8="}},"fpM/XZnLkZ+Rjgo8G6sYyLnpLMO/2KDuNe1JYurYwA8=":{"valueMac":{"type":"Buffer","data":"WwzcsRIR84S1Cw1iGog5dJOoS0TIWnNZjitreZWruDo="}},"f0+9ak66wpcjyi02GGVEZsOIbX7g9qkB6TMLs+W+gZs=":{"valueMac":{"type":"Buffer","data":"minb8Ob8JZTxU/ZJWZ1+biF0LG4fb0osjgPBFfINMbA="}},"gXusHzVRc73XNd0UTezxnd+adI8mY2lXTiogFmQWuwU=":{"valueMac":{"type":"Buffer","data":"wEhsLwuqC4fhtGeGFo90lkoMM6jcEReVl/RlDVhKADc="}},"ge+4f05KdIrMLG1uQQ/N7n9iZsUzGNvx6CIXOBHRBGc=":{"valueMac":{"type":"Buffer","data":"x0YRr8A5/3dNrqaGxbuw/hKkFBvWZVdLIbJ+/5jmx/E="}},"gfozhL5cSHn2CJr734Gcmyr5RPmkYD/GrPxEgpyQGkM=":{"valueMac":{"type":"Buffer","data":"X5cuZGcX9aqr/luS6AiFAfSn9i93sryqe1aNswDmvBk="}},"giP7g4Lz7hQqlNP3U2qgP3FjniqzUaqC8hBiIunG1qU=":{"valueMac":{"type":"Buffer","data":"7lJaPQExGbU5N6RYs1+SEhSXPlnuULO8bXaJ4dJsNEw="}},"gmhdKVqvL/7tCZGCjgYd5c0NZeZ9xOc/XFzXFETEaEM=":{"valueMac":{"type":"Buffer","data":"30eOvYVBEue73oon+eg1mO5a7fkHagpKh8qgR+6hlhU="}},"gqdULNvGjD7S4LwZmJ+z9VM83nGmGQNi26JI9Zz9Cw8=":{"valueMac":{"type":"Buffer","data":"78GAYA2c5GGjfSGl0RVhqHNfQqEvG8ZIyX3PxLGAjFA="}},"gwKrbVQ4XNWPvW2tq+Yrc79JBnpdcu+uQA5jFCXogB0=":{"valueMac":{"type":"Buffer","data":"6j6RFjGZ8PDSlea/0kb6S+/6D9Zee73kM0tYUHoqxp8="}},"hHJ/zMj+00u5oj+naAPptyKJ0qkKHH6e4uW1CJX5/fA=":{"valueMac":{"type":"Buffer","data":"i2yvuZ8O/NkrCFepOc0oSY12BtQArR0uMQz8iaEdkxY="}},"hPlmM/zjzHUi2zUgSOiAX0R8PuxHhJtgPaPp9+u+G6Q=":{"valueMac":{"type":"Buffer","data":"whnjEXJHBij7rNo76rdZO+7LVuPrlvuA9RTQWj0YJec="}},"h1J6+Jeb4k4Z5lbHSgbu7oDaYLLuYD0QQMvhm6/MtdI=":{"valueMac":{"type":"Buffer","data":"g99OavHD0M2vM03bX7V2RGTYJdqR9MJnl+A/zIyKeOk="}},"h1qsbS6nekxMuARczuhi67WQnkf4iqQ8dcUsvozaVU4=":{"valueMac":{"type":"Buffer","data":"CNQg5RUEAFGW2llnS3fr4Z2o5ehxGz45zsGixeO2Bbc="}},"h3caXHio3Owutxbab6XSTJguMten5dfgPG1lex51QK0=":{"valueMac":{"type":"Buffer","data":"VLLaFC4YVgHS9/KK5Rc1bGDyYXARS+kml2jqONYUMOY="}},"iG7bNoYoCK+QdL3PXjA1M7PqYNn7GEV4H8ju6ZGfAtk=":{"valueMac":{"type":"Buffer","data":"tIM7CEL+8SWAUtZCyIASL4zdFbqtvGxBk3aXS9vljhM="}},"iJoMTdaZUU37A9Mt1+Kz9Y4niH89xI/FwrQeLhOXqrQ=":{"valueMac":{"type":"Buffer","data":"oLEZT9Sdq9TJYihCGzqo406X9gUqHbfQWwqZvuSedTM="}},"iTb8tCrcPLg+rp0MgjyCsl0kLCmcoFi6N7157PIPDFc=":{"valueMac":{"type":"Buffer","data":"DZPzZhcM+PxawniQh7eWiCK2U0+cicIWBN5kuZZPKJY="}},"iXFgqzFdMYwnQ+HwfnxM3tmFkaCt4eAIN6+WRYZ9+gc=":{"valueMac":{"type":"Buffer","data":"Fti1+/UjF+oMEGv+wPClQIxGD5g2aTjOrJQ3h72lLTs="}},"iYBnTFpQMAs4OkErggikToDxqP8ba8dGDFb5EEsfz9Y=":{"valueMac":{"type":"Buffer","data":"n9pCFmab4yM4TrjekRfpTjlkkin+ngQ+Vg870SK20aY="}},"ihxGnZwTAq/jbOotPdeCzHdLbEI0q13N+pZXYrXX/lA=":{"valueMac":{"type":"Buffer","data":"yGRvIWOeW4Jkuu40YUFptjXjzMkjIUoby6LcI2Njp4s="}},"itJ+3UXV9JnbA2LXsdK6PaR6ELOXp6lfrR+hWgp0lrU=":{"valueMac":{"type":"Buffer","data":"ugRI3P9Jb6aftk7wjLrF91+gNhgx1dxBgKcHy8C4+ic="}},"ivEdjC1NdAVopBkxr2b4oBdRP5dbfBy+Zd0kl6vXj9k=":{"valueMac":{"type":"Buffer","data":"6ymPfsXeuQ3l/4lRhKl/Lq04ErkWYyRLS1e3KtgiEbI="}},"i1QwJe02OVt5qP8iD14B+HDxeksNRQxMO+4zvNBhxtQ=":{"valueMac":{"type":"Buffer","data":"IqtiM1rTF3vkKeKvSxNK8fzIou2xFjjGbwwWbf26eZk="}},"jcV1hMKayCIEQWAvX0LUMJaF1Ngc+/rOcV6QwKli+0w=":{"valueMac":{"type":"Buffer","data":"QNRlxOysd5Dv+rh3qZk0RmH7QSJyredlNjtOdNTiOYc="}},"jclv+RXXr5u4JdqPtGCTAnGoH2bL8mSVF0y4xRscWpQ=":{"valueMac":{"type":"Buffer","data":"C0MDxwQsh6p0gOvKFoyQfqtcCVlQqeGvq5qxVC/35vM="}},"jkvU2J+IgM+Whz29pJFzyK/3OEbTLq1RFrEJyRj5Nv0=":{"valueMac":{"type":"Buffer","data":"wchFB7bFqbezXGdwJ6gff9lTGKpytZM0uZz/gvrkBAU="}},"j1Y5YAn2KXSNa+vzlYPA0hATbFZwNltDCEpPSxI6bhk=":{"valueMac":{"type":"Buffer","data":"mixtBYvTDbpZv6F7EIhqpJHD5ugKaG5Npf4oVutV/9U="}},"kAv7hMrcKs5fiDz1zyyqCTN8EfpNhvLMQrT46CIVjF0=":{"valueMac":{"type":"Buffer","data":"6GvrYGZmh1tbA5cJEAY4hCUjLuE825M9bLRfHIUqNH4="}},"kGvIUAY/4RoYLayXXDS+NP6JX2N3wrIq2wHG/vDRcjk=":{"valueMac":{"type":"Buffer","data":"6ENseWcDPrY0ZVkwDKydEk4urDhptxaK67S/fIBi30Y="}},"kPRG8RMGf87dJewxuv12nIP5IxiW3kQtrvjO6Xf1uh4=":{"valueMac":{"type":"Buffer","data":"g3kLQpa5bl9j3gXfGeDxPIZOcIA6CzK7BqYvqKGfcOU="}},"kTRpHElxIc8lKaCWn3SsHXXGAGqNJKPJt+5osq15tRk=":{"valueMac":{"type":"Buffer","data":"IMxS0DkWpAWh5ttRjc1ZAYRgpy7OKZaa7Gzvi4JM7VQ="}},"kj513wJwheFV/wFqjeZVEbTWoTjuEo4rCQ8n8B2r2c0=":{"valueMac":{"type":"Buffer","data":"ujCVMDFCENC0FFU2bXX9vVA3SlG6OoNjAUStsBsTw8o="}},"kva6J2ES/eqAO/fQooacBXwUAsNTtfnKYYIhhd8Qbp8=":{"valueMac":{"type":"Buffer","data":"ZykNbx4C/4J4X7WCYlmL2Nn/euCYgnuTsq0DHdTQisY="}},"k9ELgcN6AprkD3NHOz5IqsmX4jymRJXl0KUrSfyDTLg=":{"valueMac":{"type":"Buffer","data":"V9O40/+0cGnBe2bicnoKg+Dy9gCmBJWOmqFptW9QPao="}},"lbBt7Li9pxzpb2Ji2bdanfYcZWA3wTFAiTKvgHiHRxM=":{"valueMac":{"type":"Buffer","data":"AluXgbh2At15I9jL5AUtZm/kSQmUtrgumCMluZ1YARU="}},"lmxcLpyK7jynNyFJdM1OZW0zwhuhJrF4LGYMKE+HdMg=":{"valueMac":{"type":"Buffer","data":"FUsyMtyOqWI+F68jg66CBL3hW5xAr8g5J4lLke/bwbM="}},"lwxzsss49WO/b4JQAbsxGGtvN54SesiDzULffM2v5IY=":{"valueMac":{"type":"Buffer","data":"+CfDAghKluBs+3NkQfrYuGBvIecw9hdOHi9w8Qt8BM4="}},"l1iR7BGA4D9Fo+RTaig1vNZs9LIJFan/skS7LmDaENY=":{"valueMac":{"type":"Buffer","data":"fzRrAnxJC0CGNjcFUEuJmC+VjAyUni5ah2YMCi8GIbI="}},"l5wHFN9czQqNi/uNfIly3m/Kps32oYFzbHgkdZhvrsY=":{"valueMac":{"type":"Buffer","data":"NR4VqWEnFFFk4/tZAzfgv7vioxMrUkRsztfCMiLv4go="}},"l7dDjBz2zeGvzHm+XiKKcdp55ZCvSgAuDOeVC6zMbPA=":{"valueMac":{"type":"Buffer","data":"xAgJZXl97YSClCjZF1XfF+maovP6uC+/cML/Xl8scqA="}},"mBSdbDoVSw50pZJBEqcRSPCfnwhU7Xwvf7+/qRbw6Ic=":{"valueMac":{"type":"Buffer","data":"/n4nQiqGi3NjguH6ZqMUCWhfHYrlwPOJ4xOGr+RDAAM="}},"mGUutB851EszLtv57YH0C76D5GjS4HrHk/vJpKnR8lQ=":{"valueMac":{"type":"Buffer","data":"y/zmTbTEVDLN/i54BeJPdy2KcAywm0nFYt+do4NoVnU="}},"mZdEaVMjuehv2BdbEGhloL9srBWFYooU7DCeYnRvkm8=":{"valueMac":{"type":"Buffer","data":"tH2bfoCJ4CoApiZL+xeHx8vnChG992RZcjWEUF0UIS0="}},"m9dRXxV7fkFBeLQTV0tNKRdMW8YQR62KbTMCRDa88dY=":{"valueMac":{"type":"Buffer","data":"mvN6t0B+chx7KA1+EMDlIF9QbLxRCCJFZis+6xajtPc="}},"nDxO3sU4vHMsfgtP5f2yeVCUfDHpyscNK2KsrRyke7M=":{"valueMac":{"type":"Buffer","data":"lplYqDfJRCDnsPeDxck7apzhu1AowxU7Y8ucFBnWaB0="}},"nKTNs5uyKilzAwl3pP5Elu6QXhrfRmqxDtmmJpJBeoc=":{"valueMac":{"type":"Buffer","data":"+gJyqK8ILzhNbw/jKJ5tMRQ/ZRDBhRKmfvYqAl2I6NM="}},"nSIm2+415ISdDD65j8W30LqqkyGqkUWgvb5kFrjcOQ0=":{"valueMac":{"type":"Buffer","data":"p10USClKLHx+pqn9D2iRVtdMumvRZIDapC4z6vy9u0E="}},"nmiDWuwgqiyhOxUmbNkS8WkCtfPaWhcL/vG6IQnAiTE=":{"valueMac":{"type":"Buffer","data":"fn1uawAQtMZ+efqlsgqAkCeM+Kuo7d4DjiDZc3+Mjr0="}},"oQwCW0wQWvUQo2zT3KW29V/a8d04NNBlXO0ucynLR5M=":{"valueMac":{"type":"Buffer","data":"jwsXaGNZBA2Y4kA7ppRKbYR2sT3ipwY1e0OJgj3f7c4="}},"ogpoSCYbw0U8Pvx2nNvLynEHw5KqIqLhCRDH8zeMRp0=":{"valueMac":{"type":"Buffer","data":"sEzNOKDtK5ARtO4jh6UrZB6DIuqrIFAefmlpkVo5/j8="}},"okGrS+I6dizKhiMuuD1f52MUe6naHt+7bR9jkwMgEqs=":{"valueMac":{"type":"Buffer","data":"MreiAgfmaIpbvY61KO1OeCJ+FeOoEiokkUbxSSPMjG8="}},"om4/D8owCO5MZu1/+ngjs/aPUdpr+hzBGWlyy7znkyo=":{"valueMac":{"type":"Buffer","data":"26ENMgNm9uWO5pICmLrjRkJLECjz3Zx0yqpZRRW5xG4="}},"otkSgTVu8DMLDvTTkPlSIy9r/Z/bkAAGAT1gKLQWrBI=":{"valueMac":{"type":"Buffer","data":"ckN2bNPAv5jMiwePSf1H3CbsXIag9uXpHvzJRzGpuNA="}},"oudyUOGJZ/D+Qcyr+NKVnbqqUWNCbKTYh4rWItv2CVA=":{"valueMac":{"type":"Buffer","data":"LTVSo8oJGjC6U2n0nANSq4QXmaE/D+tx9tvMbicypCY="}},"o8dpIdYDYvznkuPFaNAIatP4mnKZ6UygX1zuq1YGYx0=":{"valueMac":{"type":"Buffer","data":"7ZsBWpEWGuSmlFoTmsgjtp3k0U84u6UqJGit55EkveU="}},"o+fxqYS04FkICWvfFB+Fptcq+xHxgHfna0sg4ed1s7g=":{"valueMac":{"type":"Buffer","data":"xpkkgUqUkmrIT91J2tBfv22riGkLu2MugKxkToARwPg="}},"pAXIqLoDKwYUv2KvQk3J7P2awoDcDrU960wv358QUbA=":{"valueMac":{"type":"Buffer","data":"ft8C6SOKW+iLEwE65NtZ63L7LYqC7EZwlUmP3uPV+60="}},"pF2ZAsRRfuXbd+089UHolYKrPfjc4PEk5jfNdl4QBkQ=":{"valueMac":{"type":"Buffer","data":"WVdislJH2Y3iialOsOggUlmpFNup5MZypLCVedvC4Fg="}},"pJKpKrxczibMvSG3uTTeFWfd/yZ90+JquqpnmdOYYPE=":{"valueMac":{"type":"Buffer","data":"z9Oi3Sx6I9JymfjYKENUqq03VNqbt1SijtnBAEoF9kw="}},"pViV4gSlXLFZ5rMo8ISvhWSp1nZqwZB6xRkcF2Xg3/E=":{"valueMac":{"type":"Buffer","data":"C/54WdEMONzQRpuxAvA61V/6Ka8olCl8i3C8HB7S1ew="}},"peb0U++4lLqa4REhAQfGq703lKK28e/7dB2wAAkqCk0=":{"valueMac":{"type":"Buffer","data":"R+fOCxn/tUWvBmSlgYce26A2ZzShk1pSnA6IJcExuEs="}},"pfZmNhqW/RwtK48V2nQHXqCbca6PSpeYeihSgrOpH/Y=":{"valueMac":{"type":"Buffer","data":"+CLr+Ugjb9TKXmjCvHNw7oJrnHkv8kpmrOKJRIcAMjU="}},"pgtm2jVW0NoNe/4vc1CeYrbTJj4uF20B4pi/VV/FNnk=":{"valueMac":{"type":"Buffer","data":"h4la6qOCpnUlphgr0DveAwK9Xr1Is1io6bUKcu305M8="}},"piiGnsK7fhteEK3oGe3pjY9u4td+XWo3shPczbzkFko=":{"valueMac":{"type":"Buffer","data":"Ef05WWKlY123whUA+gvMp7UVFpk3zvV8hRAUrRPWg0w="}},"pjJQ89lNbpFUfV6P3qfp/DKqDh7Oax7pBIU8mAZzJ2U=":{"valueMac":{"type":"Buffer","data":"8XlOS2QpE+J0NkTp6rZlsW+1CT6EdYtki+0V5oEL62A="}},"qVNehnb8fKha3DfeWQRkBiob0szaXd0L3cMgMavz2EE=":{"valueMac":{"type":"Buffer","data":"fbvfeYbiu+QMAkur08u+JzIEWpXug9CvEasw1MvkJfg="}},"qYCP43/Vf3xmARynct9IU9KxKZM4nTkP6xSWcDpEt7M=":{"valueMac":{"type":"Buffer","data":"bTadP6jzZdBfb1ypcDPwuHNIh4zBoL8Zov3Cl27/Wxc="}},"qe8+jJ/YaKdbZdyC+Zo38QSmIQvIserydvcpVpAMdA8=":{"valueMac":{"type":"Buffer","data":"9hz7+xtNeIGD6kWihK8oUiSMBBa7H04cexTbdQW67NE="}},"qloMJnAY2weDqkTNNVhJTK8Ebu2TmHZyuSWb5thXEgQ=":{"valueMac":{"type":"Buffer","data":"y8TFbGu/aZYa5KmRtMv+KYranomPjqpIT86/TCb9RwI="}},"q6lyHQeVDHTvYOaat6ysMGbICBaPmAi+lUSghMGRgTg=":{"valueMac":{"type":"Buffer","data":"jISYunalEFdyHltfvaxqVIXmNIs7MpJ1c1Nkz9Ym7sk="}},"rQS0P7L/pm0kQ9qnjYOBMKq4I1Sbwa9V1dLKqtV3+WY=":{"valueMac":{"type":"Buffer","data":"vBJni4IamHarqkQ2vmZ90OgQUAAobvI3BvDitiDF17Y="}},"rQWRId1QcDUKZb44IvYcKFM5SCTpM79HCcNjIpVM7Ec=":{"valueMac":{"type":"Buffer","data":"zhrslOTxmuexUTW0KvdBQEB2Oc9ffqwx+AYkSTtziYk="}},"rw27RS0dFkKiryPOOXo7yL9NmBM4yJWdYS0tOTL7aAY=":{"valueMac":{"type":"Buffer","data":"OD69gcTcBCEtavs14jMsPaYlXXuWhVou++QvTzb1XFs="}},"rxsj0iWcAtX75xEljftdWYYYHZs/UzaVCkp+85YEozE=":{"valueMac":{"type":"Buffer","data":"ac2Gjj6JFX7J7Mt/n0F95lHVED5e+j1Ib/J7JTHVqKY="}},"ryVXdlW6wrKaAJSxnumz6y8qokEGf9VlRJDEWHSKpzc=":{"valueMac":{"type":"Buffer","data":"3PmD6Cbmbv8PwxYcf/Ko+rH3VaVmKoy1DJmdNIViBWY="}},"r02CoVJ4iIsDXTaV+Wnfkfw59fHa8o8FvX2qw0ICyIQ=":{"valueMac":{"type":"Buffer","data":"ik2Uta0nTwVLQ14x14eE00cDvoq2RaXvrBxQ8IxBEOI="}},"r6OLRvqdClZKEZqWY7Fe+k07NltFJPcdfw55hijWvXY=":{"valueMac":{"type":"Buffer","data":"QfNSzoKcLmUzI2kdcEfdLHjV0hZz7876Io1ufDYh5Gs="}},"sGY4/Ft1N8BZVf2f5MKAZ2OlmivOZ2IMKjaID/Q/kZ8=":{"valueMac":{"type":"Buffer","data":"GMTMjdZvIChTHkiwZ4HdHqtbeO71AQTBdZ/4p/GbZP8="}},"sg80AiM4+DVOVULI8mTreFCJsiktqGfWjzIZEk5p/pE=":{"valueMac":{"type":"Buffer","data":"5l/WgDBpqUcmscoB9QGHnfxAi7lIoHlsuGhZYmOBWrc="}},"sjnPa30gp8b62xNcDOA+Fg7Wu2C+tCYPNyPuD3Q2u9A=":{"valueMac":{"type":"Buffer","data":"kVqcKB6g7Tv19LV+7hsFd6X1pLjcEh5acg3lbmQJfz0="}},"svdm9FaOC/5+W4MPfycSenEHyjhRjRwRTKHi4D3PpTg=":{"valueMac":{"type":"Buffer","data":"WYB7t4EaHV4/KdFreyXkE9SsRUqoC3E+PzzKkntbN6M="}},"s3o90FPk2QYYiGwca0qgerfj1au/DksITUkubl9oVHM=":{"valueMac":{"type":"Buffer","data":"nB4MEqhcChlz6h7omTs/RN3vTpHI7qKIPU6NzqdV+S4="}},"tBLUoDrjDisi6M2LrgKo3lg4fsmKTRZl6V2nrgEMyT0=":{"valueMac":{"type":"Buffer","data":"Tc6yRgOs/3zcKo6kOltxSbvCOCwj/AeYDQMIys5imoo="}},"tqxEo9gSsD3OYsAWg+bvkTnagBTO6Q3F4a4g7QIFLn4=":{"valueMac":{"type":"Buffer","data":"CpGcR9qP7uDvhA12pOaLb+2JSmsAEPeOzaatBw6cLaw="}},"twd/hiAUYBX0GutW/O/WQvSKeHF/bJ3lndzDFoBQIlw=":{"valueMac":{"type":"Buffer","data":"Wt5UixbZijdOsA1B0kdhCVmLCYXECmXNXiw/rke6l4M="}},"tynBfJViYAqx3lltgdD5i2C/FrV7/bmb8FfnBIHtWc8=":{"valueMac":{"type":"Buffer","data":"0tuwYW2EMc6wYBJPsOfWHgIDctghLLg2Azv+DbGEVVU="}},"tzvsIb611UKADVOgUslm3VKNVSpDuX1FuBvD4FRvaRI=":{"valueMac":{"type":"Buffer","data":"IFvLyxFvnU1TJVJWifTaFnbYE3u15JJy44IriTw26mw="}},"t0E3nEyg7vHH2hrJZCuHVYlqrqfdVXf4wzPiI2poBVg=":{"valueMac":{"type":"Buffer","data":"WyzMp3bJ7ref03pjmGhl3KJqOG2UvGP3pfff/bl41RA="}},"t29Yht/TYzBaLvZeCAgwu/wwPE6Y3Q/Tdy+mHrZdYkw=":{"valueMac":{"type":"Buffer","data":"yCjOYovD8AU7yNZyFhCvUt2PCsQEkSx9C1TUWX4tpNY="}},"t5malgAwfVXHie7h0o7w2+ye8lA1QzP7I/PsNthIcNc=":{"valueMac":{"type":"Buffer","data":"k58BdFchZf66vuyDLNMffirxtvDlJpIvKfg4Av3QLSI="}},"uL+XbNaDDc0R05C3bo4ykZ9dKziuMwazzpGyhfBjCEc=":{"valueMac":{"type":"Buffer","data":"jA9C7mBYVxVG5nBP1RP0ymvBGitd6h0Se1haFKYzFJE="}},"ug4CyyejxPzbF6SgACOwOmmKToLi9jrMZQmuHG3mSKA=":{"valueMac":{"type":"Buffer","data":"dOIPgLDmYiM/KNltepxD4AqTuiluXOSL0s0XKd5lcxk="}},"ui4+UYi+PuFgGZzuVd+rUhW8tBUvrkcEomuizIqhGsY=":{"valueMac":{"type":"Buffer","data":"Byivv1epU+uTQhnl7a2EceQesza680CgoVB+iFlVRsI="}},"upa0B84zCw+REy1+fuiyhip5lvkqBYv43RfRZx1u1Yw=":{"valueMac":{"type":"Buffer","data":"DVTkp+ByRCi98q2zEDqIre5TKYc0L3m06aVcUwGawyk="}},"u00I89d/u6iHCGNLQsESdSrejkyOvv/hWaC90YPqQgg=":{"valueMac":{"type":"Buffer","data":"ymQXq+cKkHsaUoSzUet2uKFtF0eEq7pdAaOZahRc2pw="}},"vHO//LJ4zmzNoX91MJDcp/p9Geff/+HVonSSgrrGlW4=":{"valueMac":{"type":"Buffer","data":"1OY4Eb33f4HA9n5lQ+j0XqSdTC8ovIY5NZ1QS2DKhhw="}},"vg3n6JkQHwHBov37SsGo0pn5COrXemrFlCWQ5UZi2ws=":{"valueMac":{"type":"Buffer","data":"EZHJDX7YjbSJVLjWH91eb/24aFC0rNaEszP3nHhEKZM="}},"vo/prwe9s093t5lkm3Hu7OajGgVR+kXqAdfoKayELTM=":{"valueMac":{"type":"Buffer","data":"Sp1j+yyC89g/Nayun6TJtU92SOKNzSlR12YrG4Fn3Co="}},"vwHOaeA/T4YsgNi/oWetixeciPgux/Gy0XEdKrWCxt8=":{"valueMac":{"type":"Buffer","data":"9+0HzCmCzVnvibVA9ldN/zERElM2jhmPMRvc7mzsR5U="}},"wACj0TgZ6BpTveMdOarL3g1mxTu8jHE9v04LPgJ58LA=":{"valueMac":{"type":"Buffer","data":"i8hops1DhBjLjUiwAWDVc3sJXfIZ+EH8NCOGnlEFlpY="}},"wGF29VBBDOda2HtPkfRKUkN2bOe0N7HIDBc1F0DoL4I=":{"valueMac":{"type":"Buffer","data":"njSyL8Y7J23v6vb/aWGc9G6sLg/gV5jzD1heEvSXoWU="}},"wKHZnxQSq4OjYFmcPyZMHjH8fnJzHqKxl91zactPNlk=":{"valueMac":{"type":"Buffer","data":"BrAQ9JEKjr+RLsRXihbw1qNiMJKjbnl2bzSAweLcpaA="}},"waGn/ci6HIkbd1Js172VclrGJX6Hg4xdUxdokdNKgn8=":{"valueMac":{"type":"Buffer","data":"LUBynwOMcbkJLdRH8pQBYIC9Jb/HYtxi8YkW2g8nzrs="}},"wberIpL6A1FzE+BLbOLObV4Oob4Rfi8PS7w3gqh/Y30=":{"valueMac":{"type":"Buffer","data":"CGxEcSc+T3BDczavxS0CkjJelkzoQJCrUVdgVfp0ZnI="}},"wfbT9kwk9j+hO7lEQTKMPMF+QPMSX+XFucKZ7L5hhT4=":{"valueMac":{"type":"Buffer","data":"JDdBEZ8RCJPrOxX9JfYPxyxc0Hr1jeThJI0JW6nos1g="}},"wlVewn6y3pYPQSEjW8bOi1AA60ApYY5yeMzqOUR5+tk=":{"valueMac":{"type":"Buffer","data":"Vs3a21SNYdsdD5PGpyB5XsHfjjWIEJsmT9re3LHi3uY="}},"wontcUOZ7CuB51fY8eqHJ1RgmD2KIgWT2OCLTM9XhbE=":{"valueMac":{"type":"Buffer","data":"9jqP8mhS67sgwsk0B3b56QzOd2/76635X4gaAmvqUms="}},"wtF9yo8o/0K/vzvCEKNfaqeraehQF02wAQR5KxZd61w=":{"valueMac":{"type":"Buffer","data":"oa/uQkhe3vXzIU3mqD/5sKOTq/QZHzzKg6pNLOVaZeM="}},"wy1MmuHK601ALDBClG2viHaqJ8ikrND0yeizeEHRbMw=":{"valueMac":{"type":"Buffer","data":"fcM/GhZfcj+uBDcori9mEEWPjk16LjLIG4T+QP0ZyOU="}},"xHiPk6/ZjSiazMIDOWPUN48jd1iPXXe57NNqjAUOiSs=":{"valueMac":{"type":"Buffer","data":"SPvFik5thOltDqjTLjWgclVYBuwm0Pcz/y9KTnPCwuo="}},"xWf5xYunei0kJ4lw26s2p0TNAvy7jJlKf9KvbhMBSZ4=":{"valueMac":{"type":"Buffer","data":"+sXXCY1QwQPstHN29sU79LTgYYlAaVoVCr4RbjwNHhs="}},"xv7/YL1LMX2Fc1HCjC6UHANWlACgBa6rLzPnuaDMaDc=":{"valueMac":{"type":"Buffer","data":"OqEjTMxpSqSHAhcsyCud49umRvIr7qBVl7cW8ZGjO6k="}},"x2prQpHYNDLcAFA43yaODDUcXTtYOhcObozj+ygXoeQ=":{"valueMac":{"type":"Buffer","data":"7aC16darTGF+bBRWsBe1+1OWHlosfN8VHUpAortE5cg="}},"x3uDFsfjn875irPVLC6IEhHCfA50sr0EWxSVbrkutcs=":{"valueMac":{"type":"Buffer","data":"wXhOto43yLRzRs/HOOu9eezj6lRkl7EIvYKuZzZr3CI="}},"yae+lCzDyla/prtYGWEiXutimv8FDN8Kc0q1s5Ocvck=":{"valueMac":{"type":"Buffer","data":"otKQt1PNSOvG/JElpEX+aonuNq9nqN1Op1u3PJb8cHM="}},"ytqokd+eHAeeVV18EyPILvYTuq8lo8KymIlYgSdgR70=":{"valueMac":{"type":"Buffer","data":"6bZLMgK65Ym0SCDZrQERCgNjW/zM8SEZ3xMx2Uz81AM="}},"yzlT6/c+T4SzRuEEJl8Sv4DPH9DDM8vym6/eKhRxRgs=":{"valueMac":{"type":"Buffer","data":"us4mTezUoSV/MqRQgQpDehwGwZyXOFRWrLAA7NO/w0A="}},"zRLjk1sQBvze3+9b/+CT8jpehincsATopuc+zpIaTvE=":{"valueMac":{"type":"Buffer","data":"WwOj61TvpRep5zPhDcPgxPK5qc9pRJ7ch4zcw9VO+l4="}},"zfmnlfAxS57C/KuryePa4tF0RP4A3RvC6kurdXmfLqc=":{"valueMac":{"type":"Buffer","data":"1GqmqQglVXJbvxMJlgOGZDh2BdUr72C/d8ji7NKB5IU="}},"zf/OMnp9t2NyO4AFdNErO9NZxmAeeJQZJsj6EcWnrhI=":{"valueMac":{"type":"Buffer","data":"lzJwBVaLA5yMFioSIgMQ91tSh4zZOSE6jHUzl9Q8vNI="}},"z1gy5SiEIbMv+PXE7gFTCRFIZdBWjQaxvoKEGlIR2Js=":{"valueMac":{"type":"Buffer","data":"z5cm6JaBjzSsTGbGf0axUxTHR1kUx0DxkxrieM5maHM="}},"z85pYLD/70fSAEp7LdQ9z5dJBz65QToTVOw5tdyGik8=":{"valueMac":{"type":"Buffer","data":"NLahyQ4EPb8Xyql9r15wmYqEQu5NxGEn6Z600gJSLWQ="}},"0B8MOwdjFez95iXpc6btN09z3Kr3/dIMxiBrj8NY9lg=":{"valueMac":{"type":"Buffer","data":"yv9y27uQVbNQu6VoCxAsavMPA0tQx5N/6c9IpaMERfs="}},"0ECtb8xHtCezlhZycFEotI08GUtuo2kMDXHxoAosXGQ=":{"valueMac":{"type":"Buffer","data":"FQgb9DWadqT06FvREc9SE/6Wv8aud69CBvNWT3DzXeE="}},"0l3twSFV9r/SRnXBvG6/B36j4jz6w+BkC4xsRX3nwGs=":{"valueMac":{"type":"Buffer","data":"v/VSjhMl2VRX2rCpwyMDqw4KAVEWgYvTsbVexxxvOwk="}},"0vP2QK7t/IVJMNp7fcC/0jT103As06TziM2mNyRJlQo=":{"valueMac":{"type":"Buffer","data":"snq+tDBMftgE11SstSSGWsTAp57JDKaUYirY/HW2Wv0="}},"0xWlQ2v8GgbnkReulmum+22HIouI0ukJn++FTY9PosI=":{"valueMac":{"type":"Buffer","data":"lQWQoIU6ZxST3o13IaISffWBGYTY3Zpz6WWbbqXKNo8="}},"02jFgrRdIP5RJcoAxUhM5XMAWnLcVYc4O5ElLJR8QNU=":{"valueMac":{"type":"Buffer","data":"SZRgqH5Q4Xugl2lDug6p4CRiCuYJ/7SSl74f4zCKvMI="}},"02o3T+BwCzCjI2icFBphNJd9lpS6xVlfSqecAvWTumA=":{"valueMac":{"type":"Buffer","data":"qq34K7H26mqKzdO1jW7nCWJRyQz93YDrCo4+UKa3NJ4="}},"02w3NDVhr+QuiY/X3Nlu6uM8ucunZw1xcd7Z9GMfuBs=":{"valueMac":{"type":"Buffer","data":"i/kF+iwwd0xGmzE7Hz/bD3rlX9i9RGmOksjZIDWGST8="}},"1TWE6vNH4TOoUrVS6CixdL0awLJXeo3/0kmknPR2pns=":{"valueMac":{"type":"Buffer","data":"6ITQtJQtefHg6Q5WBsRcA3Yvtxj1kX/0QgPUPbgqYi8="}},"1Vyd8vbKYzTWjSWcMyJZFGfC/8fYeB4j0Upg4zVs9YI=":{"valueMac":{"type":"Buffer","data":"Ub82RC6d1L9TmfezloBm3GDo5rkM4SDt0PqSdLxL1L8="}},"1gseu2HoEfLgZLfP2DWJcBMUCrCrBHggn20OMLfXxeA=":{"valueMac":{"type":"Buffer","data":"y00UNKeXyRb/WSufxilYPzaH0jr8rAB3s3wwRAfFvuE="}},"1xVaA0t+d8lpofTbMLeux6QZr0Mg+WzxDCJOAqeC3mU=":{"valueMac":{"type":"Buffer","data":"i4VY3nVuVTzbuSY1HKBIP+lQ81DsSZ/i7DNR3aP0CtY="}},"1+Re3gPkGInTxdVStuizftnIbk9D8w41s/QQxT76GFk=":{"valueMac":{"type":"Buffer","data":"MenSUmliLhV3qAUDjT8mhF0jXb/KODXwH7ewXhSqsTs="}},"2KXLtTgvdjDzkw5QS9PfOPFORH3DRgDDFopaaKeYicA=":{"valueMac":{"type":"Buffer","data":"b7ifcFZL2BgCHXz6vp6fKE/6WWZh3n6Bmol2j81H9SM="}},"2lEgg65791k2CMOtIsbNK+4YabfBBmdJSnBBWF0UMIs=":{"valueMac":{"type":"Buffer","data":"e4OICCmAGZR5tYx3/XkkH50N/pYwJk0AdiNnBwcPUuk="}},"3QZ0PlsWAfDKi7tAbh3HzR21ax7xx5hfiLzPLBXFMSA=":{"valueMac":{"type":"Buffer","data":"r9XfsCtmY8WfvFrNTm0rXVQH8PZqGH2WfO8ueQesR0Y="}},"3XesMDpYMqq0Z5dF3ElWj0Iw15zGAoSTwDxMuWSAZbM=":{"valueMac":{"type":"Buffer","data":"Xa/XgpT8ptzZwtn0cLcZn3xb1rnDAtC0JseRs/6yAzA="}},"3i0h0rgFJQWviIq6/u+M4vAe6VejzcIidWchP1KfTs4=":{"valueMac":{"type":"Buffer","data":"D14gI3/eR+F+E1N0iBs05zQTOqjyK+H9sFyEEq4zyq0="}},"4X+6MxQ6hplyScrtOjtknXsIc+GqHMyNZS+EPPTWhYM=":{"valueMac":{"type":"Buffer","data":"R4apdrXQfYboSQw0IVFeUR5FWt+cR63y7if49wVcWfg="}},"4leaGrZprOQMpWy1gCAAxI7k9weaN7yrWcwC2gNX1Cc=":{"valueMac":{"type":"Buffer","data":"qvxtiwaJEf4eAka81jinK6d52QL/abhFLRMl2hqasFI="}},"4op8O0dS/NWCLnATGGLPZ895UtRpdOpIKoKrJNQE+4g=":{"valueMac":{"type":"Buffer","data":"RYHidvD+Uz+BDRACajfEkPaOVD4qSfx2c/6fhYo8ibs="}},"44NV/e5GipiTeY54uCE2V1WmjM6CDbak6BBW0mHM/DU=":{"valueMac":{"type":"Buffer","data":"s4IPdj/WEx4Wf93BjDNC95KPUDufWlhxqtVidlTLfw4="}},"5Ii/MrvVxdfiiSXukxDQQ7aixz45Vj3BlYH3agfeThM=":{"valueMac":{"type":"Buffer","data":"Y1QVbMuaAxGYfQ/+C6vv85tv6yfykTVmlK6EhgimHc8="}},"5NMOb0u4ZsWg7RTgbDOG3OXkSaLYvLyDy5oRqZ8ll3A=":{"valueMac":{"type":"Buffer","data":"c6ezr8frH+jp0XcKOVdbMpF+fRFev66Y7JkQH9z7qNM="}},"5zqB0DB9+mWyLoBoOduqLLCOTxdhWSnz5MHXSKjUaGE=":{"valueMac":{"type":"Buffer","data":"VkhLqEXeBR9Igo21Lcj1J/n/E2H7wS6ilhSL70tUNj0="}},"5+FD3x+ePVQSC1oJiyFJ0yTmZ3sZzH/XShcCGyu33ws=":{"valueMac":{"type":"Buffer","data":"qhtR/xli59kp3DTgwyg2TWEmNj9OZC/lxkxCCSSI3AA="}},"5+83/eZ7CBcsMHMuaMS4BVcYRiWkQqhSONuGPS6nmGs=":{"valueMac":{"type":"Buffer","data":"hK85C8zv5z5RGsvdLxxdkRqf4Epqw7WCW29x7ch3D/g="}},"6P/lGEBLbm7FEwDiWDCRfE0eylLIchEB12RMaPVk2vs=":{"valueMac":{"type":"Buffer","data":"gesvrXwPpXLEoCbXtZ90i7KQmrynlX7gUKybW13D3lY="}},"6Xnokdz7fLo8vt3F0kCffoX6uTRZ3+Q4hivuKyftzt0=":{"valueMac":{"type":"Buffer","data":"mRIoqXpXjuv1NkRtN0DCWDU+WVGCoYjkq+siphaGpBw="}},"6bP+dNx58NfXEvh+FowLkLyXEL5etFBdmomN3IO5PFI=":{"valueMac":{"type":"Buffer","data":"gZooC4xLDFooSQ7ftelDd5YfTVq+CjMwj0nNMmWbb/o="}},"6caYRxNzD0WB9lU0MHB5fIga053sCW37fKislQNXeYE=":{"valueMac":{"type":"Buffer","data":"tre/JZcRoQyit7BlVAx0PjxwwTaOPH2+syrwQq0PSvc="}},"6o7Lyz22DAaiU4ls2fegMzlyyUJ4IHEMKH2lM679he0=":{"valueMac":{"type":"Buffer","data":"2gZWW6FohaU79WHHiOT8ZNy18K9haKKrSAL7MGpuiCI="}},"67HWjwej6BjGOvlqvD4eVfMDk8XXRz5a+X5BLIybB44=":{"valueMac":{"type":"Buffer","data":"Kp+mT268nzNU2hNPaG7GA8QlEsrpGHeMhN9JsNHaVQA="}},"7IDjw+biveLqE+smatDQKh3Ta7KVvP3YXiS7k9O31Fw=":{"valueMac":{"type":"Buffer","data":"fISWWLYJjstUJrXwJyfCpcV1mq2gbXgS+oX1Wze7g9M="}},"7cPsRtIpm5c9fwPi3HewtPZP0gQ7BijhErU68MH3fNc=":{"valueMac":{"type":"Buffer","data":"fJY+EKL35GKudWvLA1TyHxHCTbec+OutWj77VNQhBU0="}},"7eZryv5SsgONt9AMBXuMdj3mfLMapFwRKvH4jJq8AtY=":{"valueMac":{"type":"Buffer","data":"YnCpm3cTVrvcwcVTPk2HHDWUBWnsaD9tkwCWI4xIbNA="}},"7pRoUaPT00vrTl1VXjTT9oD9eYP04EjwLaYuuB7rFJs=":{"valueMac":{"type":"Buffer","data":"KfhVBR8ULy+3wZg3VTiG8RU13PdNEfZ3EDiy2k7X3Ow="}},"8HGf7CRgpLqqKJP7w/cDmeQUDbIOCz6MOJ7VV/0RBck=":{"valueMac":{"type":"Buffer","data":"uv1pftiQEMCvHbcgUF/e9j4mdUttFEdXXxGgAQKXPQE="}},"8JUkgl2Uri9IBQCsLNaywr3qLjdwXfq1iZ7sEyG4WUI=":{"valueMac":{"type":"Buffer","data":"jfFcHM6/JgHrpoazfQkmwglgpZCEI7/eq3RBXTbhVDM="}},"8J29o8WGICJgwMggeIOuU8vC5ftTGpJA7X6PyZD8+ck=":{"valueMac":{"type":"Buffer","data":"Q8MFq0Pr3Z9aGVAUIZOJKYCoQTljo1WlXbRnBrssOe0="}},"8MmnxRA2yCFPDICiB2KICnynxfWrFKhVtpxg/ytElvs=":{"valueMac":{"type":"Buffer","data":"Ifp33RziYXfPxvdUK9u7L2nP+UgOjUznUVtdumo0bI0="}},"8cLKmZdeQju/BBDMkY/voN/8OKGEEmV28Kz1C8P3jwY=":{"valueMac":{"type":"Buffer","data":"ptspPvcjHchPSNZFJLRneR/jfjk5IMavVK6umtr7Lgg="}},"8oZeCO4NXnTS9VOtfmz+SsPZZiuk8H5G6st0HBaqAfY=":{"valueMac":{"type":"Buffer","data":"cdPt1lGY5/GctmPiDDJLPyY9Ni9597VZuDSYHg2H84I="}},"8pE3nNf1QvhbXjtnxKSguuFPSwADCV0LaV5EE9igYJ4=":{"valueMac":{"type":"Buffer","data":"X8022gDmvGoFt2pFN83gO9aqOb2WiGbnBhYE7wnkLmM="}},"9LjienBjXcx8woaoe8nXq6s4rzpSQJU4WeEXUjsrBBk=":{"valueMac":{"type":"Buffer","data":"76ZqHZxqXgOGcLQbPotGELCb6EeL3YfGwD/sqxX7SxY="}},"92iwceXc+MdfN8fXzjN9u0t4/HK1ZGz/tzRw71gx/FY=":{"valueMac":{"type":"Buffer","data":"os7Yq4+LxMkUZYXraYfGdjsBZFD9mBUPl0Oj2Z7jbGo="}},"99a7lYuKsPsimK9j50IZQwqq7yGfeZk69CIlMMaqLkA=":{"valueMac":{"type":"Buffer","data":"4ueCL1SAxKGeetqmlKarMpE4bLMFiALCaNCHTKO3/6c="}},"+TyIJRmbHPFhBF3cqLw86e9CWN0jMI4eHmvVgN0klNg=":{"valueMac":{"type":"Buffer","data":"J9++D853c67hilsvZk2l8npTj8Iemenv5phpGg70/tg="}},"+o0tuc9UeJTD8S+XI1jpQAiO5Tp5qx7EBGn/TEarEn4=":{"valueMac":{"type":"Buffer","data":"SM189KgIEUqKFe783IAp+prUhqabUhp87H3B2ZMhRi4="}},"/Rz8Hfh5Ye7mNploV5ZxjWoHBxFWe6/9N+dYVSiDwns=":{"valueMac":{"type":"Buffer","data":"pTcpjnwp3x4S+C4Jf07akzfZx6ZMylwYo2wFv258LpE="}}}}