{"noiseKey":{"private":{"type":"Buffer","data":"OLhL1NZSLIY/wSdM/Mw+gzKvhKUvWmlHTaJd4GB2hV0="},"public":{"type":"Buffer","data":"/gXf/alzlc1pSpifHZ6REx/CPwCTbEFGeWbKo0RFhnQ="}},"pairingEphemeralKeyPair":{"private":{"type":"Buffer","data":"4GJ/RtR90duI58ORG7fz4iNwdBHY0AIdfzM4W0u6U1o="},"public":{"type":"Buffer","data":"x4ZbIdn9rQ9gc8IXj4QNWdiimebKOnl8IL0wu/geTEE="}},"signedIdentityKey":{"private":{"type":"Buffer","data":"CEStdJ8Su+tmVqsbnw+kz7tDmYuCvzbPF6t+Sw6qQ3U="},"public":{"type":"Buffer","data":"GiDVNx/W9FrZHNRPYtst68ZIHGPo4pSfSTy0h/w+YTw="}},"signedPreKey":{"keyPair":{"private":{"type":"Buffer","data":"4EMyOds6PKgf9KRgcAw1byE+fVjNCuHnMuhp9R46R34="},"public":{"type":"Buffer","data":"vfLoMt0WY6X7Y+pLHhi7U22qOiwwsJWMx7tXlBnCMXc="}},"signature":{"type":"Buffer","data":"AJKzx2OFmiZSYg505uYskgnfDoJCnEWPcH2uTsbFvKsio5JoVu163fCUhmZZJQgFaO+doQEf86pQBlzQ2N0giw=="},"keyId":1},"registrationId":219,"advSecretKey":"JyvD0UmhSzQW4jDi/1Ot5TXL9V2Ff6k1mar2QWYZEwo=","processedHistoryMessages":[],"nextPreKeyId":31,"firstUnuploadedPreKeyId":31,"accountSyncCounter":1,"accountSettings":{"unarchiveChats":false},"deviceId":"Ntxe1fYsRj2DaIKPPfsHLg","phoneId":"b04d30d1-30c2-4676-be1f-71a061efffc2","identityId":{"type":"Buffer","data":"xhY3a1VkLL9RQYzOJnKtyY8sgCE="},"registered":false,"backupToken":{"type":"Buffer","data":"qKmojpgctUjfGHTTqA6DOvDS9L8="},"registration":{},"account":{"details":"CPTli98GEOHp9rEGGBsgACgA","accountSignatureKey":"taewq+e7JKjmnbesIinkf5o2H+OHpC2piNIfz/G9yjQ=","accountSignature":"o/lc0mriSdLKVGZ//Hs7CpMlrpXjXSK3p/6MXfH7Wr0mIEryxxU8ucJyFwJf21RmHm3ZHPPSNN21sVKAFfz/jQ==","deviceSignature":"az3bCF2a/5NgwqR03/E0QQrhNEO2cvlsVpv/ik0cqLR1TAgPEXuzqAAkd8wOCfdSxHkMx2Yxno3/g50VzbBVjw=="},"me":{"id":"918113921898:34@s.whatsapp.net","lid":"218837307916530:34@lid","name":"Neeraj"},"signalIdentities":[{"identifier":{"name":"918113921898:34@s.whatsapp.net","deviceId":0},"identifierKey":{"type":"Buffer","data":"BbWnsKvnuySo5p23rCIp5H+aNh/jh6QtqYjSH8/xvco0"}}],"platform":"iphone","lastAccountSyncTimestamp":1715320036,"myAppStateKeyId":"AAAAAMS0","lastPropHash":"2WG9eX"}