{"noiseKey":{"private":{"type":"Buffer","data":"UFeWv6w/BFmU7V/l/nIhg9MEXT630f7GkyH83OkVuVg="},"public":{"type":"Buffer","data":"AVC+bNW7Ls7YAs3lx3RXUuDZNW51fen93qIffv+m3gc="}},"pairingEphemeralKeyPair":{"private":{"type":"Buffer","data":"AATFfVNN8XfrP3xpo9D+V8E++hjHi/nCvjxF43mBLUM="},"public":{"type":"Buffer","data":"zbSxZtkeoO0p1/ysjGwUm8iNBpT5BQqZAQYV9IyX+j4="}},"signedIdentityKey":{"private":{"type":"Buffer","data":"WKFcn/PslUHynUo+lSVPvc9LHM8iZNOYnRq+Odd7ymY="},"public":{"type":"Buffer","data":"7z11PYLE25rXfLpHKfSV3pitttEnhsqMk9vYUmsosiw="}},"signedPreKey":{"keyPair":{"private":{"type":"Buffer","data":"oKVMzLx680wYOnJIr2dTlPRkGVDJipEXNbNMvX7861M="},"public":{"type":"Buffer","data":"dA4Viuxw5vbk/2YGRqHn4rR3+H9SemSMYNnfNwticH4="}},"signature":{"type":"Buffer","data":"Jy01X9nTT2LmA72+JQ8+YyhRHOKlFWs5A1lO7oQZaph2dImpnoLi7M1Wy9Ef0CQqucSkWkNDlb3VQ1fduIQYBA=="},"keyId":1},"registrationId":42,"advSecretKey":"mxvBHQLcxAGFJKWfwkRbrKczeNUW/b4LdP4KboAajHY=","processedHistoryMessages":[{"key":{"remoteJid":"917025937440@s.whatsapp.net","fromMe":true,"id":"62C876D513F2064E8082BBD3AD932FE1"},"messageTimestamp":1715323332},{"key":{"remoteJid":"917025937440@s.whatsapp.net","fromMe":true,"id":"278A7B60EBF4C462317C123935DE4F37"},"messageTimestamp":1715323332}],"nextPreKeyId":31,"firstUnuploadedPreKeyId":31,"accountSyncCounter":1,"accountSettings":{"unarchiveChats":false},"deviceId":"LnX2EjE8TG6CA3wHAC-6GQ","phoneId":"aa37acf0-7064-427a-8cbd-61161d61e929","identityId":{"type":"Buffer","data":"f/1HRDpl1tNg4haeVLJ/OWOcUlM="},"registered":false,"backupToken":{"type":"Buffer","data":"47WiJSnRCM3/YUWjEatJRtQgmMc="},"registration":{},"account":{"details":"CPqO3qsBEL2D97EGGAIgACgA","accountSignatureKey":"oUcQSkEgLZna8xKy+4eyHk6c4apl295D4cZpiZWbDx4=","accountSignature":"6D6+5D2gRCyS43uM6dHN8iLW7vHQJvxPhup63zjas+9rd/W8AowJ3d8LB/ejSpLvGKOMbeVwQOTY5XgbaIyKAA==","deviceSignature":"bY0BkLCA0Bk92VndX3Z8tKqi7OL9XVGiiHdGg+0tZl23NjOpzm9gVwDYruC9Z9EnVT/E6fL+Q4yOJP/lCbLMCg=="},"me":{"id":"917025937440:34@s.whatsapp.net","lid":"233946885390558:34@lid","name":"jishnuaofficial"},"signalIdentities":[{"identifier":{"name":"917025937440:34@s.whatsapp.net","deviceId":0},"identifierKey":{"type":"Buffer","data":"BaFHEEpBIC2Z2vMSsvuHsh5OnOGqZdveQ+HGaYmVmw8e"}}],"platform":"android","lastAccountSyncTimestamp":1715323328,"lastPropHash":"2BHBs2","myAppStateKeyId":"AAAAACzG"}