{"_sessions":{"BdQ18WhLQxYceRtxQtijJWuFaJUY4fsiXmSNsI16Jdhz":{"registrationId":1673413699,"currentRatchet":{"ephemeralKeyPair":{"pubKey":"BR668W1o1x/CQRf73m08BSJAivTllr1aDSX1YRsUi3MA","privKey":"MO5XWFhL6w+LDbsFZMdi8rlHF2iGNdF5npMw6Vfuhm0="},"lastRemoteEphemeralKey":"BZvhpSmMYOAfy7eurwUF+M99HxnHfIENnjtNq2DcmFJO","previousCounter":1,"rootKey":"3oab4dbDvzFop2KTJa3TghAmU2ToBwDm4ZJlab9yNU8="},"indexInfo":{"baseKey":"BdQ18WhLQxYceRtxQtijJWuFaJUY4fsiXmSNsI16Jdhz","baseKeyType":2,"closed":-1,"used":1715320039544,"created":1715320037470,"remoteIdentityKey":"BbWnsKvnuySo5p23rCIp5H+aNh/jh6QtqYjSH8/xvco0"},"_chains":{"BVLaFZQni/Y7njLEpm5EUL9M12veBG3S4UjhfrKxYNg5":{"chainKey":{"counter":1},"chainType":2,"messageKeys":{}},"BZvhpSmMYOAfy7eurwUF+M99HxnHfIENnjtNq2DcmFJO":{"chainKey":{"counter":0,"key":"EKQ1cc7sgURO525UTkHt5wKgEzH+Jz3QGEGWvB0LZHs="},"chainType":2,"messageKeys":{}},"BR668W1o1x/CQRf73m08BSJAivTllr1aDSX1YRsUi3MA":{"chainKey":{"counter":-1,"key":"7ZaypfIlRtA/q/6ssD98jWi4keHW/Hy7uM/N+LTcW3c="},"chainType":1,"messageKeys":{}}}}},"version":"v1"}