{"_sessions":{"BeX1m9j1QApgMu9P64mYeijRbrr3EAIg7mmR9G9gWhdq":{"registrationId":1225298346,"currentRatchet":{"ephemeralKeyPair":{"pubKey":"BXtO/vH9bYnS3oYgbG9ImoruYzjRLP3qiJs701x1SKNb","privKey":"cA6QhOMUNxc8az+yGVMY9+FTtfsqIvsRqEpfQ6u1jEw="},"lastRemoteEphemeralKey":"BUbICYLCCq+5s3pcp/VJUL4y53u8f8iFnrx5ohGPKI8a","previousCounter":0,"rootKey":"5X1b6TkeyM5mcY8nCp2VFaEOZ6hPJZIQzjF/1Y5KvsY="},"indexInfo":{"baseKey":"BeX1m9j1QApgMu9P64mYeijRbrr3EAIg7mmR9G9gWhdq","baseKeyType":1,"closed":-1,"used":1715320037992,"created":1715320037992,"remoteIdentityKey":"BY8j7ou65+Mru9qlHFVePOTaSXKdY58MAspGpmYBvvMG"},"_chains":{"BXtO/vH9bYnS3oYgbG9ImoruYzjRLP3qiJs701x1SKNb":{"chainKey":{"counter":0,"key":"JRdWgbfRQ7hJSNpepbqhwQLjYNxIuVj67fFFbDxrN4A="},"chainType":1,"messageKeys":{}}},"pendingPreKey":{"signedKeyId":1,"baseKey":"BeX1m9j1QApgMu9P64mYeijRbrr3EAIg7mmR9G9gWhdq","preKeyId":3565}}},"version":"v1"}