{"_sessions":{"BTuJUqGY9H98rhW454fzC7ca3PydLBtvQMdANOYOf8li":{"registrationId":1348643284,"currentRatchet":{"ephemeralKeyPair":{"pubKey":"BQBuFGt7vROogfUcyWSs2lF/GA7wA5khjFuT3RjcHOJe","privKey":"aNy65YNMKNc+7Z2v90bTjRPF6r6buUqqCudq0La2JXU="},"lastRemoteEphemeralKey":"Ba98FnlkVBjZ7dd/N4qEG4m1qiqJphIoDyO62bdpHUl9","previousCounter":0,"rootKey":"a3oy2XE4kPAiRtc6YJ8WgJRx0tMwOA4JymEE12fssJE="},"indexInfo":{"baseKey":"BTuJUqGY9H98rhW454fzC7ca3PydLBtvQMdANOYOf8li","baseKeyType":1,"closed":-1,"used":1715323331040,"created":1715323331040,"remoteIdentityKey":"BUiQUH+bk9A09J34R/idsyoZbZLFc1T02r8+sDHRrx9B"},"_chains":{"BQBuFGt7vROogfUcyWSs2lF/GA7wA5khjFuT3RjcHOJe":{"chainKey":{"counter":0,"key":"d8aX3e7L3kqnlLcAHKBsVX5Oa3dLweE1rOg4TVQzOeI="},"chainType":1,"messageKeys":{}}},"pendingPreKey":{"signedKeyId":1,"baseKey":"BTuJUqGY9H98rhW454fzC7ca3PydLBtvQMdANOYOf8li","preKeyId":1614}}},"version":"v1"}