{"_sessions":{"BVTsOwiebpuvkx1hHkavdVgFTSguFHk8Z4spttL9hAE7":{"registrationId":1089529563,"currentRatchet":{"ephemeralKeyPair":{"pubKey":"BZnmwou4m5EttaIMXnQ6tRE/dM8y/TTXah35YVpYX7xn","privKey":"8HErofGFGE9CXntoIHwMr/cvLE2x+Cv/YvPi8NQtrWI="},"lastRemoteEphemeralKey":"BXsdfF1EZe4/iw0/WLyAnigQR22kM3XldJx0eJbfBgU2","previousCounter":0,"rootKey":"08pSwX3bTIyueyPAq5onuXqnB3De7c0EIYd2hJ8sauA="},"indexInfo":{"baseKey":"BVTsOwiebpuvkx1hHkavdVgFTSguFHk8Z4spttL9hAE7","baseKeyType":2,"closed":1715323331050,"used":1715323330715,"created":1715323330715,"remoteIdentityKey":"BaFHEEpBIC2Z2vMSsvuHsh5OnOGqZdveQ+HGaYmVmw8e"},"_chains":{"BXsdfF1EZe4/iw0/WLyAnigQR22kM3XldJx0eJbfBgU2":{"chainKey":{"counter":1,"key":"6aHofNACXp6TsAew5027xWD84WRsPOnH9xgoJi452WM="},"chainType":2,"messageKeys":{}},"BZnmwou4m5EttaIMXnQ6tRE/dM8y/TTXah35YVpYX7xn":{"chainKey":{"counter":-1,"key":"wGQ41FMpeohz/06h4OM85t0okZkIOc04/KoOcgEGheQ="},"chainType":1,"messageKeys":{}}}},"BXL6c56T+/GcROkG9r7Sp7YWRDUv0HJ68YyQByFtl2wb":{"registrationId":1089529563,"currentRatchet":{"ephemeralKeyPair":{"pubKey":"BUBAcO4NzIJYQ+/LxBaIs7moLLULy64StFg0kOWGnW8w","privKey":"OKAbTEDMbluW1w8tJP6f+CphqWwXhzek+t4lf81911c="},"lastRemoteEphemeralKey":"Be+feH13JMM/wPL1UhUFJN2U98YsvkLJq5aqiTQfCg4u","previousCounter":1,"rootKey":"p36h/hSQIQNMVtgOSKZQxuM+eiaPwlS/KxoRDYEVBoE="},"indexInfo":{"baseKey":"BXL6c56T+/GcROkG9r7Sp7YWRDUv0HJ68YyQByFtl2wb","baseKeyType":1,"closed":-1,"used":1715323333686,"created":1715323331044,"remoteIdentityKey":"BaFHEEpBIC2Z2vMSsvuHsh5OnOGqZdveQ+HGaYmVmw8e"},"_chains":{"Be+feH13JMM/wPL1UhUFJN2U98YsvkLJq5aqiTQfCg4u":{"chainKey":{"counter":3,"key":"lc2JrL4yh9LbhgAikq2t3SRXEAEvJPe4E//ds6BVCO8="},"chainType":2,"messageKeys":{}},"BUBAcO4NzIJYQ+/LxBaIs7moLLULy64StFg0kOWGnW8w":{"chainKey":{"counter":-1,"key":"8Ay5xmJ+Zww6rj+TQM/fG8clL6z35sxnzWeIPCnXuJQ="},"chainType":1,"messageKeys":{}}}}},"version":"v1"}